profile,reserve_strength,ap_per_day,corridor,camp_reach_rate,camp_victory_rate_all_runs,camp_victory_rate_given_reached,watch_win_rate,median_camp_day,reserve_arrival_rate,median_pre_camp_strength,median_pre_camp_supply,median_pre_camp_readiness,median_pre_camp_fatigue,median_pre_camp_regiment_xp,median_pre_camp_hero_xp
no_watch_reserve,0,2,river_watch,1.0,0.0,0.0,1.0,3,0.0,777,935,964,45,85,100
no_watch_reserve,0,2,forest_watch,1.0,0.0,0.0,1.0,3,0.0,769,905,964,45,85,100
no_watch_reserve,0,2,north_pass,1.0,0.0,0.0,,2,0.0,1050,722,856,180,0,0
no_watch_reserve,0,3,river_watch,1.0,0.0,0.0,1.0,2,0.0,764,890,964,45,85,100
no_watch_reserve,0,3,forest_watch,1.0,0.0,0.0,1.0,2,0.0,753,785,960,45,85,100
no_watch_reserve,0,3,north_pass,1.0,0.035,0.035,,2,0.0,1050,722,916,100,0,0
no_watch_reserve,0,4,river_watch,1.0,0.0,0.0,1.0,2,0.0,764,890,964,45,85,100
no_watch_reserve,0,4,forest_watch,1.0,0.0,0.0,1.0,2,0.0,753,785,960,45,85,100
no_watch_reserve,0,4,north_pass,1.0,0.0,0.0,,1,0.0,1050,602,756,305,0,0
watch_reserve_500,500,2,river_watch,1.0,0.0,0.0,1.0,3,0.0,777,935,964,45,85,100
watch_reserve_500,500,2,forest_watch,1.0,0.0,0.0,1.0,3,0.0,769,905,964,45,85,100
watch_reserve_500,500,2,north_pass,1.0,0.0,0.0,,2,1.0,1050,722,856,180,0,0
watch_reserve_500,500,3,river_watch,1.0,0.0,0.0,1.0,2,0.0,764,890,964,45,85,100
watch_reserve_500,500,3,forest_watch,1.0,0.0,0.0,1.0,2,0.0,753,785,960,45,85,100
watch_reserve_500,500,3,north_pass,1.0,0.0,0.0,,2,1.0,1050,722,916,100,0,0
watch_reserve_500,500,4,river_watch,1.0,0.0,0.0,1.0,2,0.0,764,890,964,45,85,100
watch_reserve_500,500,4,forest_watch,1.0,0.0,0.0,1.0,2,0.0,753,785,960,45,85,100
watch_reserve_500,500,4,north_pass,1.0,0.0,0.0,,1,0.0,1050,602,756,305,0,0
