scenario,group,runs,mean_leader_share,mean_top_second_ratio,mean_gini,runaway_rate,mean_battles,median_f0_recovery_ratio,median_f0_recovery70_days,mean_f0_score_share,f0_leader_rate,mean_f0_army,mean_f0_territory,mean_f0_resources,action_hold,action_recover,action_defend,action_capture_resource,action_attack,action_seize,action_siege
map_small,sensitivity,1000,0.33711474223674154,1.2861214646874015,0.1333994840061746,0.057,26.886,,,0.23645927527966257,0.24,226.13,2.417,1.1,0.31845704471661923,0.14872945630508091,0.15346396051933292,0.06187031720760362,0.11234940891825144,0.14074807673824835,0.0643817355948635
map_large,sensitivity,1000,0.30045541486552063,1.1915632225522401,0.07195615480950071,0.013,14.938,,,0.23771274012119004,0.056,201.408,4.005,0.982,0.5125614286086863,0.039519226828514054,0.01055137648518448,0.011933636610891911,0.055655530344521816,0.3327334845995358,0.03704531652266571
ap_two,sensitivity,1000,0.2983590503572571,1.1544972074221627,0.07480057650896968,0.002,21.291,,,0.2495264648642458,0.238,220.055,2.979,0.986,0.4763721710854116,0.042771352896441406,0.04985183436918155,0.07559069572286471,0.09305588335562374,0.2222353342249495,0.0401227283455275
ap_four,sensitivity,1000,0.30889331513381263,1.1733893549701762,0.09217554448812658,0.008,23.874,,,0.24864622793068378,0.257,197.035,2.893,0.959,0.466026706289468,0.07889499305949285,0.06074410056892608,0.056892607871121624,0.09335079864708988,0.20787503176992708,0.03621576179397447
travel_harsh,sensitivity,1000,0.3070889041320863,1.1722809912019994,0.08954108795188603,0.001,24.809,,,0.25109824836354766,0.262,204.717,3.011,1.016,0.4453072042927827,0.0966444369578718,0.049722568363457766,0.05793795435265275,0.10069936314522643,0.21024731396656207,0.03944115892144646
resource_income_low,sensitivity,1000,0.30269786525208703,1.15807572161477,0.08287618064150092,0.0,24.871,,,0.24923953002222865,0.252,183.385,3.016,0.995,0.4493355916111149,0.08078707149380247,0.05532512360852406,0.05874070170215676,0.10005752976058768,0.21676650561015742,0.03898747621365668
resource_income_high,sensitivity,1000,0.30847548240462924,1.166951660951091,0.09283332473856301,0.0,25.189,,,0.2507736174083521,0.258,187.865,3.043,0.995,0.43962574886030026,0.08002164037202346,0.05475730163655313,0.06522742280672443,0.10020208288580726,0.22008337908044331,0.040082424358148155
recovery_generous,sensitivity,1000,0.38413842747190147,1.3662980577357389,0.21616983023046774,0.293,28.274,,,0.24907507132239196,0.238,561.054,3.056,1.006,0.3897115543102027,0.00014504697544090984,0.08870281852645459,0.09484094280534036,0.09320586780946102,0.22806988626998517,0.1053238833031152
recovery_harsh,sensitivity,1000,0.3041197031912866,1.2072409500436867,0.07503598474768865,0.001,12.458,,,0.2512755436573102,0.271,204.88,3.014,1.001,0.630778463648834,0.06734825102880658,0.03534807956104252,0.015920781893004114,0.053403635116598076,0.1583547668038409,0.0388460219478738
day14_loss_comeback50,sensitivity,1000,0.3031889932377007,1.1552319540164746,0.0851191509742101,0.001,24.295,0.6275572415661834,6,0.24408872156817712,0.216,223.09,2.859,0.954,0.44372831539187146,0.08473039225608991,0.0552656402450133,0.054443801187820585,0.09835753642609318,0.22233378001433157,0.04114053447877995
day14_loss_comeback70,sensitivity,1000,0.296277991752318,1.1422941815139258,0.07254283232682228,0.0,24.137,0.6512345679012346,6,0.2458422315033647,0.231,234.272,2.874,0.964,0.44544553454030544,0.08448669970668554,0.05544654596945484,0.05410741377566501,0.09765146151512087,0.22167694952968545,0.041185394963082836
