strategy,ap_per_day,prep_days,encounter_policy,resource_income,completion_day,total_logged_actions,battles,logistics_cost_sum,supply_at_objective,readiness_at_objective,fatigue_at_objective,strength_at_objective,gold_at_objective,gold_projection_day14,hero_level_from_current_curve,regiment_rank_from_current_curve,recruit_pool_available_day14,reserve_recruit_strength_day14
road_gate,2,0,hostile_only,6,3,6,2,24,670,964,45,1545,39,237,1,Seasoned,31,3535
forest_watch,2,0,hostile_only,6,3,6,2,28,735,960,45,1545,51,315,1,Seasoned,31,3535
north_pass,2,0,hostile_only,6,3,5,1,32,672,916,80,1545,51,315,1,Seasoned,31,3535
quarry_detour,2,0,hostile_only,6,4,8,2,36,670,964,45,1545,75,315,1,Seasoned,31,3535
shrine_detour,2,0,hostile_only,6,5,9,1,60,600,916,80,1545,111,381,1,Seasoned,31,3535
road_gate,2,0,hostile_only,9,3,6,2,24,670,964,45,1545,39,237,1,Seasoned,31,3535
forest_watch,2,0,hostile_only,9,3,6,2,28,735,960,45,1545,57,354,1,Seasoned,31,3535
north_pass,2,0,hostile_only,9,3,5,1,32,672,916,80,1545,57,354,1,Seasoned,31,3535
quarry_detour,2,0,hostile_only,9,4,8,2,36,670,964,45,1545,84,354,1,Seasoned,31,3535
shrine_detour,2,0,hostile_only,9,5,9,1,60,600,916,80,1545,129,453,1,Seasoned,31,3535
road_gate,2,0,hostile_only,12,3,6,2,24,670,964,45,1545,39,237,1,Seasoned,31,3535
forest_watch,2,0,hostile_only,12,3,6,2,28,735,960,45,1545,63,393,1,Seasoned,31,3535
north_pass,2,0,hostile_only,12,3,5,1,32,672,916,80,1545,63,393,1,Seasoned,31,3535
quarry_detour,2,0,hostile_only,12,4,8,2,36,670,964,45,1545,93,393,1,Seasoned,31,3535
shrine_detour,2,0,hostile_only,12,5,9,1,60,600,916,80,1545,147,525,1,Seasoned,31,3535
road_gate,2,0,all_marked,6,4,7,3,24,620,1000,0,1545,57,237,2,Veteran,31,3535
forest_watch,2,0,all_marked,6,3,6,2,28,735,960,45,1545,51,315,1,Seasoned,31,3535
north_pass,2,0,all_marked,6,3,6,2,32,672,916,100,1545,51,315,1,Seasoned,31,3535
quarry_detour,2,0,all_marked,6,5,9,3,36,620,1000,0,1545,99,315,2,Veteran,31,3535
shrine_detour,2,0,all_marked,6,5,10,2,60,600,916,100,1545,111,381,1,Seasoned,31,3535
road_gate,2,0,all_marked,9,4,7,3,24,620,1000,0,1545,57,237,2,Veteran,31,3535
forest_watch,2,0,all_marked,9,3,6,2,28,735,960,45,1545,57,354,1,Seasoned,31,3535
north_pass,2,0,all_marked,9,3,6,2,32,672,916,100,1545,57,354,1,Seasoned,31,3535
quarry_detour,2,0,all_marked,9,5,9,3,36,620,1000,0,1545,111,354,2,Veteran,31,3535
shrine_detour,2,0,all_marked,9,5,10,2,60,600,916,100,1545,129,453,1,Seasoned,31,3535
road_gate,2,0,all_marked,12,4,7,3,24,620,1000,0,1545,57,237,2,Veteran,31,3535
forest_watch,2,0,all_marked,12,3,6,2,28,735,960,45,1545,63,393,1,Seasoned,31,3535
north_pass,2,0,all_marked,12,3,6,2,32,672,916,100,1545,63,393,1,Seasoned,31,3535
quarry_detour,2,0,all_marked,12,5,9,3,36,620,1000,0,1545,123,393,2,Veteran,31,3535
shrine_detour,2,0,all_marked,12,5,10,2,60,600,916,100,1545,147,525,1,Seasoned,31,3535
road_gate,2,3,hostile_only,6,6,6,2,24,670,964,45,1605,63,207,1,Seasoned,30,3475
forest_watch,2,3,hostile_only,6,6,6,2,28,735,960,45,1605,75,267,1,Seasoned,30,3475
north_pass,2,3,hostile_only,6,6,5,1,32,672,916,80,1605,75,267,1,Seasoned,30,3475
quarry_detour,2,3,hostile_only,6,7,8,2,36,670,964,45,1605,99,267,1,Seasoned,30,3475
shrine_detour,2,3,hostile_only,6,8,9,1,60,600,916,80,1605,135,315,1,Seasoned,30,3475
road_gate,2,3,hostile_only,9,6,6,2,24,670,964,45,1605,63,207,1,Seasoned,30,3475
forest_watch,2,3,hostile_only,9,6,6,2,28,735,960,45,1605,81,297,1,Seasoned,30,3475
north_pass,2,3,hostile_only,9,6,5,1,32,672,916,80,1605,81,297,1,Seasoned,30,3475
quarry_detour,2,3,hostile_only,9,7,8,2,36,670,964,45,1605,108,297,1,Seasoned,30,3475
shrine_detour,2,3,hostile_only,9,8,9,1,60,600,916,80,1605,153,369,1,Seasoned,30,3475
road_gate,2,3,hostile_only,12,6,6,2,24,670,964,45,1605,63,207,1,Seasoned,30,3475
forest_watch,2,3,hostile_only,12,6,6,2,28,735,960,45,1605,87,327,1,Seasoned,30,3475
north_pass,2,3,hostile_only,12,6,5,1,32,672,916,80,1605,87,327,1,Seasoned,30,3475
quarry_detour,2,3,hostile_only,12,7,8,2,36,670,964,45,1605,117,327,1,Seasoned,30,3475
shrine_detour,2,3,hostile_only,12,8,9,1,60,600,916,80,1605,171,423,1,Seasoned,30,3475
road_gate,2,3,all_marked,6,7,7,3,24,620,1000,0,1605,81,207,2,Veteran,30,3475
forest_watch,2,3,all_marked,6,6,6,2,28,735,960,45,1605,75,267,1,Seasoned,30,3475
north_pass,2,3,all_marked,6,6,6,2,32,672,916,100,1605,75,267,1,Seasoned,30,3475
quarry_detour,2,3,all_marked,6,8,9,3,36,620,1000,0,1605,123,267,2,Veteran,30,3475
shrine_detour,2,3,all_marked,6,8,10,2,60,600,916,100,1605,135,315,1,Seasoned,30,3475
road_gate,2,3,all_marked,9,7,7,3,24,620,1000,0,1605,81,207,2,Veteran,30,3475
forest_watch,2,3,all_marked,9,6,6,2,28,735,960,45,1605,81,297,1,Seasoned,30,3475
north_pass,2,3,all_marked,9,6,6,2,32,672,916,100,1605,81,297,1,Seasoned,30,3475
quarry_detour,2,3,all_marked,9,8,9,3,36,620,1000,0,1605,135,297,2,Veteran,30,3475
shrine_detour,2,3,all_marked,9,8,10,2,60,600,916,100,1605,153,369,1,Seasoned,30,3475
road_gate,2,3,all_marked,12,7,7,3,24,620,1000,0,1605,81,207,2,Veteran,30,3475
forest_watch,2,3,all_marked,12,6,6,2,28,735,960,45,1605,87,327,1,Seasoned,30,3475
north_pass,2,3,all_marked,12,6,6,2,32,672,916,100,1605,87,327,1,Seasoned,30,3475
quarry_detour,2,3,all_marked,12,8,9,3,36,620,1000,0,1605,147,327,2,Veteran,30,3475
shrine_detour,2,3,all_marked,12,8,10,2,60,600,916,100,1605,171,423,1,Seasoned,30,3475
road_gate,2,7,hostile_only,6,10,6,2,24,670,964,45,1755,60,132,1,Seasoned,28,3325
forest_watch,2,7,hostile_only,6,10,6,2,28,735,960,45,1755,72,168,1,Seasoned,28,3325
north_pass,2,7,hostile_only,6,10,5,1,32,672,916,80,1755,72,168,1,Seasoned,28,3325
quarry_detour,2,7,hostile_only,6,11,8,2,36,670,964,45,1755,96,168,1,Seasoned,28,3325
shrine_detour,2,7,hostile_only,6,12,9,1,60,600,916,80,1755,132,192,1,Seasoned,28,3325
road_gate,2,7,hostile_only,9,10,6,2,24,670,964,45,1755,60,132,1,Seasoned,28,3325
forest_watch,2,7,hostile_only,9,10,6,2,28,735,960,45,1755,78,186,1,Seasoned,28,3325
north_pass,2,7,hostile_only,9,10,5,1,32,672,916,80,1755,78,186,1,Seasoned,28,3325
quarry_detour,2,7,hostile_only,9,11,8,2,36,670,964,45,1755,105,186,1,Seasoned,28,3325
shrine_detour,2,7,hostile_only,9,12,9,1,60,600,916,80,1755,150,222,1,Seasoned,28,3325
road_gate,2,7,hostile_only,12,10,6,2,24,670,964,45,1755,60,132,1,Seasoned,28,3325
forest_watch,2,7,hostile_only,12,10,6,2,28,735,960,45,1755,84,204,1,Seasoned,28,3325
north_pass,2,7,hostile_only,12,10,5,1,32,672,916,80,1755,84,204,1,Seasoned,28,3325
quarry_detour,2,7,hostile_only,12,11,8,2,36,670,964,45,1755,114,204,1,Seasoned,28,3325
shrine_detour,2,7,hostile_only,12,12,9,1,60,600,916,80,1755,168,252,1,Seasoned,28,3325
road_gate,2,7,all_marked,6,11,7,3,24,620,1000,0,1755,78,132,2,Veteran,28,3325
forest_watch,2,7,all_marked,6,10,6,2,28,735,960,45,1755,72,168,1,Seasoned,28,3325
north_pass,2,7,all_marked,6,10,6,2,32,672,916,100,1755,72,168,1,Seasoned,28,3325
quarry_detour,2,7,all_marked,6,12,9,3,36,620,1000,0,1755,120,168,2,Veteran,28,3325
shrine_detour,2,7,all_marked,6,12,10,2,60,600,916,100,1755,132,192,1,Seasoned,28,3325
road_gate,2,7,all_marked,9,11,7,3,24,620,1000,0,1755,78,132,2,Veteran,28,3325
forest_watch,2,7,all_marked,9,10,6,2,28,735,960,45,1755,78,186,1,Seasoned,28,3325
north_pass,2,7,all_marked,9,10,6,2,32,672,916,100,1755,78,186,1,Seasoned,28,3325
quarry_detour,2,7,all_marked,9,12,9,3,36,620,1000,0,1755,132,186,2,Veteran,28,3325
shrine_detour,2,7,all_marked,9,12,10,2,60,600,916,100,1755,150,222,1,Seasoned,28,3325
road_gate,2,7,all_marked,12,11,7,3,24,620,1000,0,1755,78,132,2,Veteran,28,3325
forest_watch,2,7,all_marked,12,10,6,2,28,735,960,45,1755,84,204,1,Seasoned,28,3325
north_pass,2,7,all_marked,12,10,6,2,32,672,916,100,1755,84,204,1,Seasoned,28,3325
quarry_detour,2,7,all_marked,12,12,9,3,36,620,1000,0,1755,144,204,2,Veteran,28,3325
shrine_detour,2,7,all_marked,12,12,10,2,60,600,916,100,1755,168,252,1,Seasoned,28,3325
road_gate,3,0,hostile_only,6,2,6,2,24,720,916,80,1545,21,237,1,Seasoned,31,3535
forest_watch,3,0,hostile_only,6,2,6,2,28,615,860,150,1545,27,315,1,Seasoned,31,3535
north_pass,3,0,hostile_only,6,2,5,1,32,552,816,205,1545,27,315,1,Seasoned,31,3535
quarry_detour,3,0,hostile_only,6,3,8,2,36,740,952,45,1545,51,315,1,Seasoned,31,3535
shrine_detour,3,0,hostile_only,6,3,9,1,60,380,776,235,1545,57,387,1,Seasoned,31,3535
road_gate,3,0,hostile_only,9,2,6,2,24,720,916,80,1545,21,237,1,Seasoned,31,3535
forest_watch,3,0,hostile_only,9,2,6,2,28,615,860,150,1545,30,354,1,Seasoned,31,3535
north_pass,3,0,hostile_only,9,2,5,1,32,552,816,205,1545,30,354,1,Seasoned,31,3535
quarry_detour,3,0,hostile_only,9,3,8,2,36,740,952,45,1545,57,354,1,Seasoned,31,3535
shrine_detour,3,0,hostile_only,9,3,9,1,60,380,776,235,1545,66,462,1,Seasoned,31,3535
road_gate,3,0,hostile_only,12,2,6,2,24,720,916,80,1545,21,237,1,Seasoned,31,3535
forest_watch,3,0,hostile_only,12,2,6,2,28,615,860,150,1545,33,393,1,Seasoned,31,3535
north_pass,3,0,hostile_only,12,2,5,1,32,552,816,205,1545,33,393,1,Seasoned,31,3535
quarry_detour,3,0,hostile_only,12,3,8,2,36,740,952,45,1545,63,393,1,Seasoned,31,3535
shrine_detour,3,0,hostile_only,12,3,9,1,60,380,776,235,1545,75,537,1,Seasoned,31,3535
road_gate,3,0,all_marked,6,3,7,3,24,670,976,0,1545,39,237,2,Veteran,31,3535
forest_watch,3,0,all_marked,6,2,6,2,28,615,860,150,1545,27,315,1,Seasoned,31,3535
north_pass,3,0,all_marked,6,2,6,2,32,552,816,205,1545,27,315,1,Seasoned,31,3535
quarry_detour,3,0,all_marked,6,3,9,3,36,740,952,45,1545,51,315,2,Veteran,31,3535
shrine_detour,3,0,all_marked,6,4,10,2,60,330,836,135,1545,87,387,1,Seasoned,31,3535
road_gate,3,0,all_marked,9,3,7,3,24,670,976,0,1545,39,237,2,Veteran,31,3535
forest_watch,3,0,all_marked,9,2,6,2,28,615,860,150,1545,30,354,1,Seasoned,31,3535
north_pass,3,0,all_marked,9,2,6,2,32,552,816,205,1545,30,354,1,Seasoned,31,3535
quarry_detour,3,0,all_marked,9,3,9,3,36,740,952,45,1545,57,354,2,Veteran,31,3535
shrine_detour,3,0,all_marked,9,4,10,2,60,330,836,135,1545,102,462,1,Seasoned,31,3535
road_gate,3,0,all_marked,12,3,7,3,24,670,976,0,1545,39,237,2,Veteran,31,3535
forest_watch,3,0,all_marked,12,2,6,2,28,615,860,150,1545,33,393,1,Seasoned,31,3535
north_pass,3,0,all_marked,12,2,6,2,32,552,816,205,1545,33,393,1,Seasoned,31,3535
quarry_detour,3,0,all_marked,12,3,9,3,36,740,952,45,1545,63,393,2,Veteran,31,3535
shrine_detour,3,0,all_marked,12,4,10,2,60,330,836,135,1545,117,537,1,Seasoned,31,3535
road_gate,3,3,hostile_only,6,5,6,2,24,720,916,80,1605,45,207,1,Seasoned,30,3475
forest_watch,3,3,hostile_only,6,5,6,2,28,615,860,150,1605,51,267,1,Seasoned,30,3475
north_pass,3,3,hostile_only,6,5,5,1,32,552,816,205,1605,51,267,1,Seasoned,30,3475
quarry_detour,3,3,hostile_only,6,6,8,2,36,740,952,45,1605,75,267,1,Seasoned,30,3475
shrine_detour,3,3,hostile_only,6,6,9,1,60,380,776,235,1605,81,321,1,Seasoned,30,3475
road_gate,3,3,hostile_only,9,5,6,2,24,720,916,80,1605,45,207,1,Seasoned,30,3475
forest_watch,3,3,hostile_only,9,5,6,2,28,615,860,150,1605,54,297,1,Seasoned,30,3475
north_pass,3,3,hostile_only,9,5,5,1,32,552,816,205,1605,54,297,1,Seasoned,30,3475
quarry_detour,3,3,hostile_only,9,6,8,2,36,740,952,45,1605,81,297,1,Seasoned,30,3475
shrine_detour,3,3,hostile_only,9,6,9,1,60,380,776,235,1605,90,378,1,Seasoned,30,3475
road_gate,3,3,hostile_only,12,5,6,2,24,720,916,80,1605,45,207,1,Seasoned,30,3475
forest_watch,3,3,hostile_only,12,5,6,2,28,615,860,150,1605,57,327,1,Seasoned,30,3475
north_pass,3,3,hostile_only,12,5,5,1,32,552,816,205,1605,57,327,1,Seasoned,30,3475
quarry_detour,3,3,hostile_only,12,6,8,2,36,740,952,45,1605,87,327,1,Seasoned,30,3475
shrine_detour,3,3,hostile_only,12,6,9,1,60,380,776,235,1605,99,435,1,Seasoned,30,3475
road_gate,3,3,all_marked,6,6,7,3,24,670,976,0,1605,63,207,2,Veteran,30,3475
forest_watch,3,3,all_marked,6,5,6,2,28,615,860,150,1605,51,267,1,Seasoned,30,3475
north_pass,3,3,all_marked,6,5,6,2,32,552,816,205,1605,51,267,1,Seasoned,30,3475
quarry_detour,3,3,all_marked,6,6,9,3,36,740,952,45,1605,75,267,2,Veteran,30,3475
shrine_detour,3,3,all_marked,6,7,10,2,60,330,836,135,1605,111,321,1,Seasoned,30,3475
road_gate,3,3,all_marked,9,6,7,3,24,670,976,0,1605,63,207,2,Veteran,30,3475
forest_watch,3,3,all_marked,9,5,6,2,28,615,860,150,1605,54,297,1,Seasoned,30,3475
north_pass,3,3,all_marked,9,5,6,2,32,552,816,205,1605,54,297,1,Seasoned,30,3475
quarry_detour,3,3,all_marked,9,6,9,3,36,740,952,45,1605,81,297,2,Veteran,30,3475
shrine_detour,3,3,all_marked,9,7,10,2,60,330,836,135,1605,126,378,1,Seasoned,30,3475
road_gate,3,3,all_marked,12,6,7,3,24,670,976,0,1605,63,207,2,Veteran,30,3475
forest_watch,3,3,all_marked,12,5,6,2,28,615,860,150,1605,57,327,1,Seasoned,30,3475
north_pass,3,3,all_marked,12,5,6,2,32,552,816,205,1605,57,327,1,Seasoned,30,3475
quarry_detour,3,3,all_marked,12,6,9,3,36,740,952,45,1605,87,327,2,Veteran,30,3475
shrine_detour,3,3,all_marked,12,7,10,2,60,330,836,135,1605,141,435,1,Seasoned,30,3475
road_gate,3,7,hostile_only,6,9,6,2,24,720,916,80,1755,42,132,1,Seasoned,28,3325
forest_watch,3,7,hostile_only,6,9,6,2,28,615,860,150,1755,48,168,1,Seasoned,28,3325
north_pass,3,7,hostile_only,6,9,5,1,32,552,816,205,1755,48,168,1,Seasoned,28,3325
quarry_detour,3,7,hostile_only,6,10,8,2,36,740,952,45,1755,72,168,1,Seasoned,28,3325
shrine_detour,3,7,hostile_only,6,10,9,1,60,380,776,235,1755,78,198,1,Seasoned,28,3325
road_gate,3,7,hostile_only,9,9,6,2,24,720,916,80,1755,42,132,1,Seasoned,28,3325
forest_watch,3,7,hostile_only,9,9,6,2,28,615,860,150,1755,51,186,1,Seasoned,28,3325
north_pass,3,7,hostile_only,9,9,5,1,32,552,816,205,1755,51,186,1,Seasoned,28,3325
quarry_detour,3,7,hostile_only,9,10,8,2,36,740,952,45,1755,78,186,1,Seasoned,28,3325
shrine_detour,3,7,hostile_only,9,10,9,1,60,380,776,235,1755,87,231,1,Seasoned,28,3325
road_gate,3,7,hostile_only,12,9,6,2,24,720,916,80,1755,42,132,1,Seasoned,28,3325
forest_watch,3,7,hostile_only,12,9,6,2,28,615,860,150,1755,54,204,1,Seasoned,28,3325
north_pass,3,7,hostile_only,12,9,5,1,32,552,816,205,1755,54,204,1,Seasoned,28,3325
quarry_detour,3,7,hostile_only,12,10,8,2,36,740,952,45,1755,84,204,1,Seasoned,28,3325
shrine_detour,3,7,hostile_only,12,10,9,1,60,380,776,235,1755,96,264,1,Seasoned,28,3325
road_gate,3,7,all_marked,6,10,7,3,24,670,976,0,1755,60,132,2,Veteran,28,3325
forest_watch,3,7,all_marked,6,9,6,2,28,615,860,150,1755,48,168,1,Seasoned,28,3325
north_pass,3,7,all_marked,6,9,6,2,32,552,816,205,1755,48,168,1,Seasoned,28,3325
quarry_detour,3,7,all_marked,6,10,9,3,36,740,952,45,1755,72,168,2,Veteran,28,3325
shrine_detour,3,7,all_marked,6,11,10,2,60,330,836,135,1755,108,198,1,Seasoned,28,3325
road_gate,3,7,all_marked,9,10,7,3,24,670,976,0,1755,60,132,2,Veteran,28,3325
forest_watch,3,7,all_marked,9,9,6,2,28,615,860,150,1755,51,186,1,Seasoned,28,3325
north_pass,3,7,all_marked,9,9,6,2,32,552,816,205,1755,51,186,1,Seasoned,28,3325
quarry_detour,3,7,all_marked,9,10,9,3,36,740,952,45,1755,78,186,2,Veteran,28,3325
shrine_detour,3,7,all_marked,9,11,10,2,60,330,836,135,1755,123,231,1,Seasoned,28,3325
road_gate,3,7,all_marked,12,10,7,3,24,670,976,0,1755,60,132,2,Veteran,28,3325
forest_watch,3,7,all_marked,12,9,6,2,28,615,860,150,1755,54,204,1,Seasoned,28,3325
north_pass,3,7,all_marked,12,9,6,2,32,552,816,205,1755,54,204,1,Seasoned,28,3325
quarry_detour,3,7,all_marked,12,10,9,3,36,740,952,45,1755,84,204,2,Veteran,28,3325
shrine_detour,3,7,all_marked,12,11,10,2,60,330,836,135,1755,138,264,1,Seasoned,28,3325
road_gate,4,0,hostile_only,6,2,6,2,24,720,916,80,1545,21,237,1,Seasoned,31,3535
forest_watch,4,0,hostile_only,6,2,6,2,28,615,860,150,1545,27,315,1,Seasoned,31,3535
north_pass,4,0,hostile_only,6,2,5,1,32,552,816,205,1545,27,315,1,Seasoned,31,3535
quarry_detour,4,0,hostile_only,6,2,8,2,36,620,844,170,1545,27,315,1,Seasoned,31,3535
shrine_detour,4,0,hostile_only,6,3,9,1,60,380,776,235,1545,57,387,1,Seasoned,31,3535
road_gate,4,0,hostile_only,9,2,6,2,24,720,916,80,1545,21,237,1,Seasoned,31,3535
forest_watch,4,0,hostile_only,9,2,6,2,28,615,860,150,1545,30,354,1,Seasoned,31,3535
north_pass,4,0,hostile_only,9,2,5,1,32,552,816,205,1545,30,354,1,Seasoned,31,3535
quarry_detour,4,0,hostile_only,9,2,8,2,36,620,844,170,1545,30,354,1,Seasoned,31,3535
shrine_detour,4,0,hostile_only,9,3,9,1,60,380,776,235,1545,66,462,1,Seasoned,31,3535
road_gate,4,0,hostile_only,12,2,6,2,24,720,916,80,1545,21,237,1,Seasoned,31,3535
forest_watch,4,0,hostile_only,12,2,6,2,28,615,860,150,1545,33,393,1,Seasoned,31,3535
north_pass,4,0,hostile_only,12,2,5,1,32,552,816,205,1545,33,393,1,Seasoned,31,3535
quarry_detour,4,0,hostile_only,12,2,8,2,36,620,844,170,1545,33,393,1,Seasoned,31,3535
shrine_detour,4,0,hostile_only,12,3,9,1,60,380,776,235,1545,75,537,1,Seasoned,31,3535
road_gate,4,0,all_marked,6,2,7,3,24,720,916,80,1545,21,237,2,Veteran,31,3535
forest_watch,4,0,all_marked,6,2,6,2,28,615,860,150,1545,27,315,1,Seasoned,31,3535
north_pass,4,0,all_marked,6,2,6,2,32,552,816,205,1545,27,315,1,Seasoned,31,3535
quarry_detour,4,0,all_marked,6,3,9,3,36,570,904,70,1545,51,315,2,Veteran,31,3535
shrine_detour,4,0,all_marked,6,3,10,2,60,380,776,235,1545,57,387,1,Seasoned,31,3535
road_gate,4,0,all_marked,9,2,7,3,24,720,916,80,1545,21,237,2,Veteran,31,3535
forest_watch,4,0,all_marked,9,2,6,2,28,615,860,150,1545,30,354,1,Seasoned,31,3535
north_pass,4,0,all_marked,9,2,6,2,32,552,816,205,1545,30,354,1,Seasoned,31,3535
quarry_detour,4,0,all_marked,9,3,9,3,36,570,904,70,1545,57,354,2,Veteran,31,3535
shrine_detour,4,0,all_marked,9,3,10,2,60,380,776,235,1545,66,462,1,Seasoned,31,3535
road_gate,4,0,all_marked,12,2,7,3,24,720,916,80,1545,21,237,2,Veteran,31,3535
forest_watch,4,0,all_marked,12,2,6,2,28,615,860,150,1545,33,393,1,Seasoned,31,3535
north_pass,4,0,all_marked,12,2,6,2,32,552,816,205,1545,33,393,1,Seasoned,31,3535
quarry_detour,4,0,all_marked,12,3,9,3,36,570,904,70,1545,63,393,2,Veteran,31,3535
shrine_detour,4,0,all_marked,12,3,10,2,60,380,776,235,1545,75,537,1,Seasoned,31,3535
road_gate,4,3,hostile_only,6,5,6,2,24,720,916,80,1605,45,207,1,Seasoned,30,3475
forest_watch,4,3,hostile_only,6,5,6,2,28,615,860,150,1605,51,267,1,Seasoned,30,3475
north_pass,4,3,hostile_only,6,5,5,1,32,552,816,205,1605,51,267,1,Seasoned,30,3475
quarry_detour,4,3,hostile_only,6,5,8,2,36,620,844,170,1605,51,267,1,Seasoned,30,3475
shrine_detour,4,3,hostile_only,6,6,9,1,60,380,776,235,1605,81,321,1,Seasoned,30,3475
road_gate,4,3,hostile_only,9,5,6,2,24,720,916,80,1605,45,207,1,Seasoned,30,3475
forest_watch,4,3,hostile_only,9,5,6,2,28,615,860,150,1605,54,297,1,Seasoned,30,3475
north_pass,4,3,hostile_only,9,5,5,1,32,552,816,205,1605,54,297,1,Seasoned,30,3475
quarry_detour,4,3,hostile_only,9,5,8,2,36,620,844,170,1605,54,297,1,Seasoned,30,3475
shrine_detour,4,3,hostile_only,9,6,9,1,60,380,776,235,1605,90,378,1,Seasoned,30,3475
road_gate,4,3,hostile_only,12,5,6,2,24,720,916,80,1605,45,207,1,Seasoned,30,3475
forest_watch,4,3,hostile_only,12,5,6,2,28,615,860,150,1605,57,327,1,Seasoned,30,3475
north_pass,4,3,hostile_only,12,5,5,1,32,552,816,205,1605,57,327,1,Seasoned,30,3475
quarry_detour,4,3,hostile_only,12,5,8,2,36,620,844,170,1605,57,327,1,Seasoned,30,3475
shrine_detour,4,3,hostile_only,12,6,9,1,60,380,776,235,1605,99,435,1,Seasoned,30,3475
road_gate,4,3,all_marked,6,5,7,3,24,720,916,80,1605,45,207,2,Veteran,30,3475
forest_watch,4,3,all_marked,6,5,6,2,28,615,860,150,1605,51,267,1,Seasoned,30,3475
north_pass,4,3,all_marked,6,5,6,2,32,552,816,205,1605,51,267,1,Seasoned,30,3475
quarry_detour,4,3,all_marked,6,6,9,3,36,570,904,70,1605,75,267,2,Veteran,30,3475
shrine_detour,4,3,all_marked,6,6,10,2,60,380,776,235,1605,81,321,1,Seasoned,30,3475
road_gate,4,3,all_marked,9,5,7,3,24,720,916,80,1605,45,207,2,Veteran,30,3475
forest_watch,4,3,all_marked,9,5,6,2,28,615,860,150,1605,54,297,1,Seasoned,30,3475
north_pass,4,3,all_marked,9,5,6,2,32,552,816,205,1605,54,297,1,Seasoned,30,3475
quarry_detour,4,3,all_marked,9,6,9,3,36,570,904,70,1605,81,297,2,Veteran,30,3475
shrine_detour,4,3,all_marked,9,6,10,2,60,380,776,235,1605,90,378,1,Seasoned,30,3475
road_gate,4,3,all_marked,12,5,7,3,24,720,916,80,1605,45,207,2,Veteran,30,3475
forest_watch,4,3,all_marked,12,5,6,2,28,615,860,150,1605,57,327,1,Seasoned,30,3475
north_pass,4,3,all_marked,12,5,6,2,32,552,816,205,1605,57,327,1,Seasoned,30,3475
quarry_detour,4,3,all_marked,12,6,9,3,36,570,904,70,1605,87,327,2,Veteran,30,3475
shrine_detour,4,3,all_marked,12,6,10,2,60,380,776,235,1605,99,435,1,Seasoned,30,3475
road_gate,4,7,hostile_only,6,9,6,2,24,720,916,80,1755,42,132,1,Seasoned,28,3325
forest_watch,4,7,hostile_only,6,9,6,2,28,615,860,150,1755,48,168,1,Seasoned,28,3325
north_pass,4,7,hostile_only,6,9,5,1,32,552,816,205,1755,48,168,1,Seasoned,28,3325
quarry_detour,4,7,hostile_only,6,9,8,2,36,620,844,170,1755,48,168,1,Seasoned,28,3325
shrine_detour,4,7,hostile_only,6,10,9,1,60,380,776,235,1755,78,198,1,Seasoned,28,3325
road_gate,4,7,hostile_only,9,9,6,2,24,720,916,80,1755,42,132,1,Seasoned,28,3325
forest_watch,4,7,hostile_only,9,9,6,2,28,615,860,150,1755,51,186,1,Seasoned,28,3325
north_pass,4,7,hostile_only,9,9,5,1,32,552,816,205,1755,51,186,1,Seasoned,28,3325
quarry_detour,4,7,hostile_only,9,9,8,2,36,620,844,170,1755,51,186,1,Seasoned,28,3325
shrine_detour,4,7,hostile_only,9,10,9,1,60,380,776,235,1755,87,231,1,Seasoned,28,3325
road_gate,4,7,hostile_only,12,9,6,2,24,720,916,80,1755,42,132,1,Seasoned,28,3325
forest_watch,4,7,hostile_only,12,9,6,2,28,615,860,150,1755,54,204,1,Seasoned,28,3325
north_pass,4,7,hostile_only,12,9,5,1,32,552,816,205,1755,54,204,1,Seasoned,28,3325
quarry_detour,4,7,hostile_only,12,9,8,2,36,620,844,170,1755,54,204,1,Seasoned,28,3325
shrine_detour,4,7,hostile_only,12,10,9,1,60,380,776,235,1755,96,264,1,Seasoned,28,3325
road_gate,4,7,all_marked,6,9,7,3,24,720,916,80,1755,42,132,2,Veteran,28,3325
forest_watch,4,7,all_marked,6,9,6,2,28,615,860,150,1755,48,168,1,Seasoned,28,3325
north_pass,4,7,all_marked,6,9,6,2,32,552,816,205,1755,48,168,1,Seasoned,28,3325
quarry_detour,4,7,all_marked,6,10,9,3,36,570,904,70,1755,72,168,2,Veteran,28,3325
shrine_detour,4,7,all_marked,6,10,10,2,60,380,776,235,1755,78,198,1,Seasoned,28,3325
road_gate,4,7,all_marked,9,9,7,3,24,720,916,80,1755,42,132,2,Veteran,28,3325
forest_watch,4,7,all_marked,9,9,6,2,28,615,860,150,1755,51,186,1,Seasoned,28,3325
north_pass,4,7,all_marked,9,9,6,2,32,552,816,205,1755,51,186,1,Seasoned,28,3325
quarry_detour,4,7,all_marked,9,10,9,3,36,570,904,70,1755,78,186,2,Veteran,28,3325
shrine_detour,4,7,all_marked,9,10,10,2,60,380,776,235,1755,87,231,1,Seasoned,28,3325
road_gate,4,7,all_marked,12,9,7,3,24,720,916,80,1755,42,132,2,Veteran,28,3325
forest_watch,4,7,all_marked,12,9,6,2,28,615,860,150,1755,54,204,1,Seasoned,28,3325
north_pass,4,7,all_marked,12,9,6,2,32,552,816,205,1755,54,204,1,Seasoned,28,3325
quarry_detour,4,7,all_marked,12,10,9,3,36,570,904,70,1755,84,204,2,Veteran,28,3325
shrine_detour,4,7,all_marked,12,10,10,2,60,380,776,235,1755,96,264,1,Seasoned,28,3325
