Name,RouteId,A,B,RouteClass,Road,Chokepoint,ActionCost,LogisticsCost,SplineWidth,RenderFamily,Surface,NavigationCue,Spline0X,Spline0Y,Spline0Z,Spline1X,Spline1Y,Spline1Z,Spline2X,Spline2Y,Spline2Z
route_route_ancient_shrine_old_quarry,route.ancient_shrine_old_quarry,old_quarry,ancient_shrine,trail,false,false,1,8,420,trail,narrow earth path,"worn ground, minimal signage",-110000,145000,30000,-42300,148300,30000,20000,175000,30000
route_route_crossroads_forest_edge,route.crossroads_forest_edge,crossroads,forest_edge,trail,false,false,1,8,420,trail,narrow earth path,"worn ground, minimal signage",-180000,25000,12000,-97300,25600,12000,-20000,55000,12000
route_route_crossroads_human_capital,route.crossroads_human_capital,human_capital,crossroads,road,true,false,1,6,850,road,packed earth / local stone,"ruts, verge, sparse waymarkers",-320000,25000,12000,-250000,13000,12000,-180000,25000,12000
route_route_crossroads_old_quarry,route.crossroads_old_quarry,crossroads,old_quarry,road,true,false,1,6,850,road,packed earth / local stone,"ruts, verge, sparse waymarkers",-180000,25000,12000,-134634,78953,21000,-110000,145000,30000
route_route_crossroads_river_ford,route.crossroads_river_ford,crossroads,river_ford,road,true,false,1,6,850,road,packed earth / local stone,"ruts, verge, sparse waymarkers",-180000,25000,12000,-121120,-21927,6000,-80000,-85000,0
route_route_forest_edge_north_pass,route.forest_edge_north_pass,forest_edge,north_pass,trail,false,true,1,8,420,trail,narrow earth path,"worn ground, minimal signage",-20000,55000,12000,54600,99400,21000,140000,115000,30000
route_route_forest_edge_orc_watch,route.forest_edge_orc_watch,forest_edge,orc_watch,trail,false,false,1,8,420,trail,narrow earth path,"worn ground, minimal signage",-20000,55000,12000,39200,-17600,12000,120000,-65000,12000
route_route_north_pass_orc_camp,route.north_pass_orc_camp,north_pass,orc_camp,pass,false,true,1,10,420,mountain_pass,rock-cut mountain path,"rock walls, cairn or gate",140000,115000,30000,201000,52400,21000,280000,15000,12000
route_route_orc_camp_orc_watch,route.orc_camp_orc_watch,orc_watch,orc_camp,road,true,false,1,6,850,road,packed earth / local stone,"ruts, verge, sparse waymarkers",120000,-65000,12000,205366,-35733,12000,280000,15000,12000
route_route_orc_watch_river_ford,route.orc_watch_river_ford,river_ford,orc_watch,road,true,true,1,6,850,road,packed earth / local stone,"ruts, verge, sparse waymarkers",-80000,-85000,0,21194,-86940,6000,120000,-65000,12000
