ApproachId,SourceRegion,DestinationRegion,RouteType,Road,Chokepoint,ActionCost,LogisticsCost,EntryDirection,TransitionKind,BattleRecipe,BattleRecipeStatus,BattleHandoffId,EncounterKind,DestinationOwnerAtStart,HostileAtStart,WeatherAuthority,TimeAuthority,ReinforcementSourceRegions,ReinforcementEntryDirections,SpecialSiteIds,ApproachTags
approach.ancient_shrine.old_quarry,ancient_shrine,old_quarry,trail,false,false,1,8,east,resource_site,human.rolling_ridge,READY_FOR_UE,battle_handoff.ancient_shrine.old_quarry,resource_site_contest_if_occupied,,false,RBWeather,Soul campaign clock,crossroads,crossroads:south_west,,biome.temperate|destination.resource.ore|elevation.high|entry.east|feature.resource|landform.ridge|route.trail
approach.crossroads.forest_edge,crossroads,forest_edge,trail,false,false,1,8,west,resource_site,nature.grassland_edge,READY_FOR_UE,battle_handoff.crossroads.forest_edge,resource_site_contest_if_occupied,,false,RBWeather,Soul campaign clock,north_pass|orc_watch,north_pass:east|orc_watch:south_east,,biome.forest|destination.resource.wood|elevation.mid|entry.west|feature.grove|landform.woodland|route.trail
approach.crossroads.human_capital,crossroads,human_capital,road,true,false,1,6,east,settlement_approach,human.fortress_outskirts,READY_FOR_UE,battle_handoff.crossroads.human_capital,settlement_defense_or_entry,humans,false,RBWeather,Soul campaign clock,,,,biome.temperate|destination.settlement|elevation.mid|entry.east|feature.capital|landform.fortified|route.road|route.road_network
approach.crossroads.old_quarry,crossroads,old_quarry,road,true,false,1,6,south_west,resource_site,human.rolling_ridge,READY_FOR_UE,battle_handoff.crossroads.old_quarry,resource_site_contest_if_occupied,,false,RBWeather,Soul campaign clock,ancient_shrine,ancient_shrine:east,,biome.temperate|destination.resource.ore|elevation.high|entry.south_west|feature.resource|landform.ridge|route.road|route.road_network
approach.crossroads.river_ford,crossroads,river_ford,road,true,false,1,6,north_west,strategic_chokepoint,human.river_road,UE_CROP_REQUIRED,battle_handoff.crossroads.river_ford,conditional_field_encounter,,false,RBWeather,Soul campaign clock,orc_watch,orc_watch:east,,biome.temperate|elevation.low|entry.north_west|feature.river_crossing|landform.valley|route.road|route.road_network
approach.forest_edge.crossroads,forest_edge,crossroads,trail,false,false,1,8,east,field_encounter,human.grassland_crossroads,READY_FOR_UE,battle_handoff.forest_edge.crossroads,field_battle_if_contested,humans,false,RBWeather,Soul campaign clock,human_capital|old_quarry|river_ford,human_capital:west|old_quarry:north_east|river_ford:south_east,,biome.temperate|elevation.mid|entry.east|feature.crossroads|landform.rolling_plain|route.trail
approach.forest_edge.north_pass,forest_edge,north_pass,trail,false,true,1,8,west,strategic_chokepoint,dwarf.mountain_pass,READY_FOR_UE,battle_handoff.forest_edge.north_pass,conditional_field_encounter,,false,RBWeather,Soul campaign clock,orc_camp,orc_camp:south_east,,biome.mountain|elevation.high|entry.west|feature.narrow_pass|landform.pass|route.chokepoint|route.trail
approach.forest_edge.orc_watch,forest_edge,orc_watch,trail,false,false,1,8,north_west,field_encounter,orc.badlands,READY_FOR_UE,battle_handoff.forest_edge.orc_watch,hostile_field_encounter,orcs,true,RBWeather,Soul campaign clock,orc_camp|river_ford,orc_camp:east|river_ford:west,,biome.badlands|elevation.mid|entry.north_west|feature.watch|landform.mesa|route.trail
approach.human_capital.crossroads,human_capital,crossroads,road,true,false,1,6,west,field_encounter,human.grassland_crossroads,READY_FOR_UE,battle_handoff.human_capital.crossroads,field_battle_if_contested,humans,false,RBWeather,Soul campaign clock,forest_edge|old_quarry|river_ford,forest_edge:east|old_quarry:north_east|river_ford:south_east,,biome.temperate|elevation.mid|entry.west|feature.crossroads|landform.rolling_plain|route.road|route.road_network
approach.north_pass.forest_edge,north_pass,forest_edge,trail,false,true,1,8,east,resource_site,nature.grassland_edge,READY_FOR_UE,battle_handoff.north_pass.forest_edge,resource_site_contest_if_occupied,,false,RBWeather,Soul campaign clock,crossroads|orc_watch,crossroads:west|orc_watch:south_east,,biome.forest|destination.resource.wood|elevation.mid|entry.east|feature.grove|landform.woodland|route.chokepoint|route.trail
approach.north_pass.orc_camp,north_pass,orc_camp,pass,false,true,1,10,north_west,settlement_approach,orc.war_camp,UE_COMPOSITE,battle_handoff.north_pass.orc_camp,siege_or_settlement_assault,orcs,true,RBWeather,Soul campaign clock,orc_watch,orc_watch:west,,biome.badlands|destination.settlement|elevation.mid|entry.north_west|feature.stronghold|landform.ruined_city_edge|route.chokepoint|route.pass
approach.old_quarry.ancient_shrine,old_quarry,ancient_shrine,trail,false,false,1,8,west,landmark,neutral.mountain_shrine,PAYLOAD_PENDING,battle_handoff.old_quarry.ancient_shrine,special_site_encounter_if_activated,,false,RBWeather,Soul campaign clock,,,lost_shrine,biome.mountain_forest|elevation.high|entry.west|feature.ancient_shrine|landform.shrine_terrace|route.trail
approach.old_quarry.crossroads,old_quarry,crossroads,road,true,false,1,6,north_east,field_encounter,human.grassland_crossroads,READY_FOR_UE,battle_handoff.old_quarry.crossroads,field_battle_if_contested,humans,false,RBWeather,Soul campaign clock,forest_edge|human_capital|river_ford,forest_edge:east|human_capital:west|river_ford:south_east,,biome.temperate|elevation.mid|entry.north_east|feature.crossroads|landform.rolling_plain|route.road|route.road_network
approach.orc_camp.north_pass,orc_camp,north_pass,pass,false,true,1,10,south_east,strategic_chokepoint,dwarf.mountain_pass,READY_FOR_UE,battle_handoff.orc_camp.north_pass,conditional_field_encounter,,false,RBWeather,Soul campaign clock,forest_edge,forest_edge:west,,biome.mountain|elevation.high|entry.south_east|feature.narrow_pass|landform.pass|route.chokepoint|route.pass
approach.orc_camp.orc_watch,orc_camp,orc_watch,road,true,false,1,6,east,field_encounter,orc.badlands,READY_FOR_UE,battle_handoff.orc_camp.orc_watch,hostile_field_encounter,orcs,true,RBWeather,Soul campaign clock,forest_edge|river_ford,forest_edge:north_west|river_ford:west,,biome.badlands|elevation.mid|entry.east|feature.watch|landform.mesa|route.road|route.road_network
approach.orc_watch.forest_edge,orc_watch,forest_edge,trail,false,false,1,8,south_east,resource_site,nature.grassland_edge,READY_FOR_UE,battle_handoff.orc_watch.forest_edge,resource_site_contest_if_occupied,,false,RBWeather,Soul campaign clock,crossroads|north_pass,crossroads:west|north_pass:east,,biome.forest|destination.resource.wood|elevation.mid|entry.south_east|feature.grove|landform.woodland|route.trail
approach.orc_watch.orc_camp,orc_watch,orc_camp,road,true,false,1,6,west,settlement_approach,orc.war_camp,UE_COMPOSITE,battle_handoff.orc_watch.orc_camp,siege_or_settlement_assault,orcs,true,RBWeather,Soul campaign clock,north_pass,north_pass:north_west,,biome.badlands|destination.settlement|elevation.mid|entry.west|feature.stronghold|landform.ruined_city_edge|route.road|route.road_network
approach.orc_watch.river_ford,orc_watch,river_ford,road,true,true,1,6,east,strategic_chokepoint,human.river_road,UE_CROP_REQUIRED,battle_handoff.orc_watch.river_ford,conditional_field_encounter,,false,RBWeather,Soul campaign clock,crossroads,crossroads:north_west,,biome.temperate|elevation.low|entry.east|feature.river_crossing|landform.valley|route.chokepoint|route.road|route.road_network
approach.river_ford.crossroads,river_ford,crossroads,road,true,false,1,6,south_east,field_encounter,human.grassland_crossroads,READY_FOR_UE,battle_handoff.river_ford.crossroads,field_battle_if_contested,humans,false,RBWeather,Soul campaign clock,forest_edge|human_capital|old_quarry,forest_edge:east|human_capital:west|old_quarry:north_east,,biome.temperate|elevation.mid|entry.south_east|feature.crossroads|landform.rolling_plain|route.road|route.road_network
approach.river_ford.orc_watch,river_ford,orc_watch,road,true,true,1,6,west,field_encounter,orc.badlands,READY_FOR_UE,battle_handoff.river_ford.orc_watch,hostile_field_encounter,orcs,true,RBWeather,Soul campaign clock,forest_edge|orc_camp,forest_edge:north_west|orc_camp:east,,biome.badlands|elevation.mid|entry.west|feature.watch|landform.mesa|route.chokepoint|route.road|route.road_network
