Name,SourceKind,ScenarioId,Step,ActiveRegion,CameraX,CameraY,CameraZ,TravelActions,VisibleRegions,ExploredRegions,MemoryRegions,UnexploredRegions,LiveDynamicRegions,KnownRouteIds,SelectableRouteIds,SelectableDestinations,PlannedTargetRegion,PlannedRouteId,PlannedAction,BattleApproachId,BattleEntryDirection,BattleRecipeId,ActiveRegionBiome,ActiveRegionAnchorType,BattleHandoffId
corridor_founder_corridor_1_step_0,corridor,founder_corridor_1,0,human_capital,-320000,25000,12000,0,crossroads|human_capital,crossroads|human_capital,,ancient_shrine|forest_edge|north_pass|old_quarry|orc_camp|orc_watch|river_ford,crossroads|human_capital,route.crossroads_human_capital,route.crossroads_human_capital,crossroads,crossroads,route.crossroads_human_capital,move,,,,temperate,major_settlement_silhouette,
corridor_founder_corridor_1_step_1,corridor,founder_corridor_1,1,crossroads,-180000,25000,12000,1,crossroads|forest_edge|human_capital|old_quarry|river_ford,crossroads|forest_edge|human_capital|old_quarry|river_ford,,ancient_shrine|north_pass|orc_camp|orc_watch,crossroads|forest_edge|human_capital|old_quarry|river_ford,route.crossroads_forest_edge|route.crossroads_human_capital|route.crossroads_old_quarry|route.crossroads_river_ford,route.crossroads_forest_edge|route.crossroads_human_capital|route.crossroads_old_quarry|route.crossroads_river_ford,forest_edge|human_capital|old_quarry|river_ford,river_ford,route.crossroads_river_ford,move,,,,temperate,minor_settlement_proxy,
corridor_founder_corridor_1_step_2,corridor,founder_corridor_1,2,river_ford,-80000,-85000,0,2,crossroads|orc_watch|river_ford,crossroads|forest_edge|human_capital|old_quarry|orc_watch|river_ford,forest_edge|human_capital|old_quarry,ancient_shrine|north_pass|orc_camp,crossroads|orc_watch|river_ford,route.crossroads_forest_edge|route.crossroads_human_capital|route.crossroads_old_quarry|route.crossroads_river_ford|route.forest_edge_orc_watch|route.orc_watch_river_ford,route.crossroads_river_ford|route.orc_watch_river_ford,crossroads|orc_watch,orc_watch,route.orc_watch_river_ford,move,,,,temperate,crossing,
corridor_founder_corridor_1_step_3,corridor,founder_corridor_1,3,orc_watch,120000,-65000,12000,3,forest_edge|orc_camp|orc_watch|river_ford,crossroads|forest_edge|human_capital|old_quarry|orc_camp|orc_watch|river_ford,crossroads|human_capital|old_quarry,ancient_shrine|north_pass,forest_edge|orc_camp|orc_watch|river_ford,route.crossroads_forest_edge|route.crossroads_human_capital|route.crossroads_old_quarry|route.crossroads_river_ford|route.forest_edge_orc_watch|route.orc_camp_orc_watch|route.orc_watch_river_ford,route.forest_edge_orc_watch|route.orc_camp_orc_watch|route.orc_watch_river_ford,forest_edge|orc_camp|river_ford,orc_camp,route.orc_camp_orc_watch,battle_commit,approach.orc_watch.orc_camp,west,orc.war_camp,badlands,terrain_landmark,battle_handoff.orc_watch.orc_camp
corridor_founder_corridor_2_step_0,corridor,founder_corridor_2,0,human_capital,-320000,25000,12000,0,crossroads|human_capital,crossroads|human_capital,,ancient_shrine|forest_edge|north_pass|old_quarry|orc_camp|orc_watch|river_ford,crossroads|human_capital,route.crossroads_human_capital,route.crossroads_human_capital,crossroads,crossroads,route.crossroads_human_capital,move,,,,temperate,major_settlement_silhouette,
corridor_founder_corridor_2_step_1,corridor,founder_corridor_2,1,crossroads,-180000,25000,12000,1,crossroads|forest_edge|human_capital|old_quarry|river_ford,crossroads|forest_edge|human_capital|old_quarry|river_ford,,ancient_shrine|north_pass|orc_camp|orc_watch,crossroads|forest_edge|human_capital|old_quarry|river_ford,route.crossroads_forest_edge|route.crossroads_human_capital|route.crossroads_old_quarry|route.crossroads_river_ford,route.crossroads_forest_edge|route.crossroads_human_capital|route.crossroads_old_quarry|route.crossroads_river_ford,forest_edge|human_capital|old_quarry|river_ford,forest_edge,route.crossroads_forest_edge,move,,,,temperate,minor_settlement_proxy,
corridor_founder_corridor_2_step_2,corridor,founder_corridor_2,2,forest_edge,-20000,55000,12000,2,crossroads|forest_edge|north_pass|orc_watch,crossroads|forest_edge|human_capital|north_pass|old_quarry|orc_watch|river_ford,human_capital|old_quarry|river_ford,ancient_shrine|orc_camp,crossroads|forest_edge|north_pass|orc_watch,route.crossroads_forest_edge|route.crossroads_human_capital|route.crossroads_old_quarry|route.crossroads_river_ford|route.forest_edge_north_pass|route.forest_edge_orc_watch|route.orc_watch_river_ford,route.crossroads_forest_edge|route.forest_edge_north_pass|route.forest_edge_orc_watch,crossroads|north_pass|orc_watch,north_pass,route.forest_edge_north_pass,move,,,,forest,resource_landscape,
corridor_founder_corridor_2_step_3,corridor,founder_corridor_2,3,north_pass,140000,115000,30000,3,forest_edge|north_pass|orc_camp,crossroads|forest_edge|human_capital|north_pass|old_quarry|orc_camp|orc_watch|river_ford,crossroads|human_capital|old_quarry|orc_watch|river_ford,ancient_shrine,forest_edge|north_pass|orc_camp,route.crossroads_forest_edge|route.crossroads_human_capital|route.crossroads_old_quarry|route.crossroads_river_ford|route.forest_edge_north_pass|route.forest_edge_orc_watch|route.north_pass_orc_camp|route.orc_camp_orc_watch|route.orc_watch_river_ford,route.forest_edge_north_pass|route.north_pass_orc_camp,forest_edge|orc_camp,orc_camp,route.north_pass_orc_camp,battle_commit,approach.north_pass.orc_camp,north_west,orc.war_camp,mountain,chokepoint,battle_handoff.north_pass.orc_camp
corridor_founder_corridor_3_step_0,corridor,founder_corridor_3,0,human_capital,-320000,25000,12000,0,crossroads|human_capital,crossroads|human_capital,,ancient_shrine|forest_edge|north_pass|old_quarry|orc_camp|orc_watch|river_ford,crossroads|human_capital,route.crossroads_human_capital,route.crossroads_human_capital,crossroads,crossroads,route.crossroads_human_capital,move,,,,temperate,major_settlement_silhouette,
corridor_founder_corridor_3_step_1,corridor,founder_corridor_3,1,crossroads,-180000,25000,12000,1,crossroads|forest_edge|human_capital|old_quarry|river_ford,crossroads|forest_edge|human_capital|old_quarry|river_ford,,ancient_shrine|north_pass|orc_camp|orc_watch,crossroads|forest_edge|human_capital|old_quarry|river_ford,route.crossroads_forest_edge|route.crossroads_human_capital|route.crossroads_old_quarry|route.crossroads_river_ford,route.crossroads_forest_edge|route.crossroads_human_capital|route.crossroads_old_quarry|route.crossroads_river_ford,forest_edge|human_capital|old_quarry|river_ford,forest_edge,route.crossroads_forest_edge,move,,,,temperate,minor_settlement_proxy,
corridor_founder_corridor_3_step_2,corridor,founder_corridor_3,2,forest_edge,-20000,55000,12000,2,crossroads|forest_edge|north_pass|orc_watch,crossroads|forest_edge|human_capital|north_pass|old_quarry|orc_watch|river_ford,human_capital|old_quarry|river_ford,ancient_shrine|orc_camp,crossroads|forest_edge|north_pass|orc_watch,route.crossroads_forest_edge|route.crossroads_human_capital|route.crossroads_old_quarry|route.crossroads_river_ford|route.forest_edge_north_pass|route.forest_edge_orc_watch|route.orc_watch_river_ford,route.crossroads_forest_edge|route.forest_edge_north_pass|route.forest_edge_orc_watch,crossroads|north_pass|orc_watch,orc_watch,route.forest_edge_orc_watch,move,,,,forest,resource_landscape,
corridor_founder_corridor_3_step_3,corridor,founder_corridor_3,3,orc_watch,120000,-65000,12000,3,forest_edge|orc_camp|orc_watch|river_ford,crossroads|forest_edge|human_capital|north_pass|old_quarry|orc_camp|orc_watch|river_ford,crossroads|human_capital|north_pass|old_quarry,ancient_shrine,forest_edge|orc_camp|orc_watch|river_ford,route.crossroads_forest_edge|route.crossroads_human_capital|route.crossroads_old_quarry|route.crossroads_river_ford|route.forest_edge_north_pass|route.forest_edge_orc_watch|route.north_pass_orc_camp|route.orc_camp_orc_watch|route.orc_watch_river_ford,route.forest_edge_orc_watch|route.orc_camp_orc_watch|route.orc_watch_river_ford,forest_edge|orc_camp|river_ford,orc_camp,route.orc_camp_orc_watch,battle_commit,approach.orc_watch.orc_camp,west,orc.war_camp,badlands,terrain_landmark,battle_handoff.orc_watch.orc_camp
detour_forest_resource_flank_step_0,detour,forest_resource_flank,0,human_capital,-320000,25000,12000,0,crossroads|human_capital,crossroads|human_capital,,ancient_shrine|forest_edge|north_pass|old_quarry|orc_camp|orc_watch|river_ford,crossroads|human_capital,route.crossroads_human_capital,route.crossroads_human_capital,crossroads,crossroads,route.crossroads_human_capital,move,,,,temperate,major_settlement_silhouette,
detour_forest_resource_flank_step_1,detour,forest_resource_flank,1,crossroads,-180000,25000,12000,1,crossroads|forest_edge|human_capital|old_quarry|river_ford,crossroads|forest_edge|human_capital|old_quarry|river_ford,,ancient_shrine|north_pass|orc_camp|orc_watch,crossroads|forest_edge|human_capital|old_quarry|river_ford,route.crossroads_forest_edge|route.crossroads_human_capital|route.crossroads_old_quarry|route.crossroads_river_ford,route.crossroads_forest_edge|route.crossroads_human_capital|route.crossroads_old_quarry|route.crossroads_river_ford,forest_edge|human_capital|old_quarry|river_ford,forest_edge,route.crossroads_forest_edge,move,,,,temperate,minor_settlement_proxy,
detour_forest_resource_flank_step_2,detour,forest_resource_flank,2,forest_edge,-20000,55000,12000,2,crossroads|forest_edge|north_pass|orc_watch,crossroads|forest_edge|human_capital|north_pass|old_quarry|orc_watch|river_ford,human_capital|old_quarry|river_ford,ancient_shrine|orc_camp,crossroads|forest_edge|north_pass|orc_watch,route.crossroads_forest_edge|route.crossroads_human_capital|route.crossroads_old_quarry|route.crossroads_river_ford|route.forest_edge_north_pass|route.forest_edge_orc_watch|route.orc_watch_river_ford,route.crossroads_forest_edge|route.forest_edge_north_pass|route.forest_edge_orc_watch,crossroads|north_pass|orc_watch,north_pass,route.forest_edge_north_pass,move,,,,forest,resource_landscape,
detour_forest_resource_flank_step_3,detour,forest_resource_flank,3,north_pass,140000,115000,30000,3,forest_edge|north_pass|orc_camp,crossroads|forest_edge|human_capital|north_pass|old_quarry|orc_camp|orc_watch|river_ford,crossroads|human_capital|old_quarry|orc_watch|river_ford,ancient_shrine,forest_edge|north_pass|orc_camp,route.crossroads_forest_edge|route.crossroads_human_capital|route.crossroads_old_quarry|route.crossroads_river_ford|route.forest_edge_north_pass|route.forest_edge_orc_watch|route.north_pass_orc_camp|route.orc_camp_orc_watch|route.orc_watch_river_ford,route.forest_edge_north_pass|route.north_pass_orc_camp,forest_edge|orc_camp,orc_camp,route.north_pass_orc_camp,battle_commit,approach.north_pass.orc_camp,north_west,orc.war_camp,mountain,chokepoint,battle_handoff.north_pass.orc_camp
detour_quarry_resource_loop_step_0,detour,quarry_resource_loop,0,human_capital,-320000,25000,12000,0,crossroads|human_capital,crossroads|human_capital,,ancient_shrine|forest_edge|north_pass|old_quarry|orc_camp|orc_watch|river_ford,crossroads|human_capital,route.crossroads_human_capital,route.crossroads_human_capital,crossroads,crossroads,route.crossroads_human_capital,move,,,,temperate,major_settlement_silhouette,
detour_quarry_resource_loop_step_1,detour,quarry_resource_loop,1,crossroads,-180000,25000,12000,1,crossroads|forest_edge|human_capital|old_quarry|river_ford,crossroads|forest_edge|human_capital|old_quarry|river_ford,,ancient_shrine|north_pass|orc_camp|orc_watch,crossroads|forest_edge|human_capital|old_quarry|river_ford,route.crossroads_forest_edge|route.crossroads_human_capital|route.crossroads_old_quarry|route.crossroads_river_ford,route.crossroads_forest_edge|route.crossroads_human_capital|route.crossroads_old_quarry|route.crossroads_river_ford,forest_edge|human_capital|old_quarry|river_ford,old_quarry,route.crossroads_old_quarry,move,,,,temperate,minor_settlement_proxy,
detour_quarry_resource_loop_step_2,detour,quarry_resource_loop,2,old_quarry,-110000,145000,30000,2,ancient_shrine|crossroads|old_quarry,ancient_shrine|crossroads|forest_edge|human_capital|old_quarry|river_ford,forest_edge|human_capital|river_ford,north_pass|orc_camp|orc_watch,ancient_shrine|crossroads|old_quarry,route.ancient_shrine_old_quarry|route.crossroads_forest_edge|route.crossroads_human_capital|route.crossroads_old_quarry|route.crossroads_river_ford,route.ancient_shrine_old_quarry|route.crossroads_old_quarry,ancient_shrine|crossroads,crossroads,route.crossroads_old_quarry,move,,,,temperate,resource_infrastructure,
detour_quarry_resource_loop_step_3,detour,quarry_resource_loop,3,crossroads,-180000,25000,12000,3,crossroads|forest_edge|human_capital|old_quarry|river_ford,ancient_shrine|crossroads|forest_edge|human_capital|old_quarry|river_ford,ancient_shrine,north_pass|orc_camp|orc_watch,crossroads|forest_edge|human_capital|old_quarry|river_ford,route.ancient_shrine_old_quarry|route.crossroads_forest_edge|route.crossroads_human_capital|route.crossroads_old_quarry|route.crossroads_river_ford,route.crossroads_forest_edge|route.crossroads_human_capital|route.crossroads_old_quarry|route.crossroads_river_ford,forest_edge|human_capital|old_quarry|river_ford,river_ford,route.crossroads_river_ford,move,,,,temperate,minor_settlement_proxy,
detour_quarry_resource_loop_step_4,detour,quarry_resource_loop,4,river_ford,-80000,-85000,0,4,crossroads|orc_watch|river_ford,ancient_shrine|crossroads|forest_edge|human_capital|old_quarry|orc_watch|river_ford,ancient_shrine|forest_edge|human_capital|old_quarry,north_pass|orc_camp,crossroads|orc_watch|river_ford,route.ancient_shrine_old_quarry|route.crossroads_forest_edge|route.crossroads_human_capital|route.crossroads_old_quarry|route.crossroads_river_ford|route.forest_edge_orc_watch|route.orc_watch_river_ford,route.crossroads_river_ford|route.orc_watch_river_ford,crossroads|orc_watch,orc_watch,route.orc_watch_river_ford,move,,,,temperate,crossing,
detour_quarry_resource_loop_step_5,detour,quarry_resource_loop,5,orc_watch,120000,-65000,12000,5,forest_edge|orc_camp|orc_watch|river_ford,ancient_shrine|crossroads|forest_edge|human_capital|old_quarry|orc_camp|orc_watch|river_ford,ancient_shrine|crossroads|human_capital|old_quarry,north_pass,forest_edge|orc_camp|orc_watch|river_ford,route.ancient_shrine_old_quarry|route.crossroads_forest_edge|route.crossroads_human_capital|route.crossroads_old_quarry|route.crossroads_river_ford|route.forest_edge_orc_watch|route.orc_camp_orc_watch|route.orc_watch_river_ford,route.forest_edge_orc_watch|route.orc_camp_orc_watch|route.orc_watch_river_ford,forest_edge|orc_camp|river_ford,orc_camp,route.orc_camp_orc_watch,battle_commit,approach.orc_watch.orc_camp,west,orc.war_camp,badlands,terrain_landmark,battle_handoff.orc_watch.orc_camp
detour_shrine_exploration_loop_step_0,detour,shrine_exploration_loop,0,human_capital,-320000,25000,12000,0,crossroads|human_capital,crossroads|human_capital,,ancient_shrine|forest_edge|north_pass|old_quarry|orc_camp|orc_watch|river_ford,crossroads|human_capital,route.crossroads_human_capital,route.crossroads_human_capital,crossroads,crossroads,route.crossroads_human_capital,move,,,,temperate,major_settlement_silhouette,
detour_shrine_exploration_loop_step_1,detour,shrine_exploration_loop,1,crossroads,-180000,25000,12000,1,crossroads|forest_edge|human_capital|old_quarry|river_ford,crossroads|forest_edge|human_capital|old_quarry|river_ford,,ancient_shrine|north_pass|orc_camp|orc_watch,crossroads|forest_edge|human_capital|old_quarry|river_ford,route.crossroads_forest_edge|route.crossroads_human_capital|route.crossroads_old_quarry|route.crossroads_river_ford,route.crossroads_forest_edge|route.crossroads_human_capital|route.crossroads_old_quarry|route.crossroads_river_ford,forest_edge|human_capital|old_quarry|river_ford,old_quarry,route.crossroads_old_quarry,move,,,,temperate,minor_settlement_proxy,
detour_shrine_exploration_loop_step_2,detour,shrine_exploration_loop,2,old_quarry,-110000,145000,30000,2,ancient_shrine|crossroads|old_quarry,ancient_shrine|crossroads|forest_edge|human_capital|old_quarry|river_ford,forest_edge|human_capital|river_ford,north_pass|orc_camp|orc_watch,ancient_shrine|crossroads|old_quarry,route.ancient_shrine_old_quarry|route.crossroads_forest_edge|route.crossroads_human_capital|route.crossroads_old_quarry|route.crossroads_river_ford,route.ancient_shrine_old_quarry|route.crossroads_old_quarry,ancient_shrine|crossroads,ancient_shrine,route.ancient_shrine_old_quarry,move,,,,temperate,resource_infrastructure,
detour_shrine_exploration_loop_step_3,detour,shrine_exploration_loop,3,ancient_shrine,20000,175000,30000,3,ancient_shrine|old_quarry,ancient_shrine|crossroads|forest_edge|human_capital|old_quarry|river_ford,crossroads|forest_edge|human_capital|river_ford,north_pass|orc_camp|orc_watch,ancient_shrine|old_quarry,route.ancient_shrine_old_quarry|route.crossroads_forest_edge|route.crossroads_human_capital|route.crossroads_old_quarry|route.crossroads_river_ford,route.ancient_shrine_old_quarry,old_quarry,old_quarry,route.ancient_shrine_old_quarry,move,,,,mountain_forest,landmark,
detour_shrine_exploration_loop_step_4,detour,shrine_exploration_loop,4,old_quarry,-110000,145000,30000,4,ancient_shrine|crossroads|old_quarry,ancient_shrine|crossroads|forest_edge|human_capital|old_quarry|river_ford,forest_edge|human_capital|river_ford,north_pass|orc_camp|orc_watch,ancient_shrine|crossroads|old_quarry,route.ancient_shrine_old_quarry|route.crossroads_forest_edge|route.crossroads_human_capital|route.crossroads_old_quarry|route.crossroads_river_ford,route.ancient_shrine_old_quarry|route.crossroads_old_quarry,ancient_shrine|crossroads,crossroads,route.crossroads_old_quarry,move,,,,temperate,resource_infrastructure,
detour_shrine_exploration_loop_step_5,detour,shrine_exploration_loop,5,crossroads,-180000,25000,12000,5,crossroads|forest_edge|human_capital|old_quarry|river_ford,ancient_shrine|crossroads|forest_edge|human_capital|old_quarry|river_ford,ancient_shrine,north_pass|orc_camp|orc_watch,crossroads|forest_edge|human_capital|old_quarry|river_ford,route.ancient_shrine_old_quarry|route.crossroads_forest_edge|route.crossroads_human_capital|route.crossroads_old_quarry|route.crossroads_river_ford,route.crossroads_forest_edge|route.crossroads_human_capital|route.crossroads_old_quarry|route.crossroads_river_ford,forest_edge|human_capital|old_quarry|river_ford,forest_edge,route.crossroads_forest_edge,move,,,,temperate,minor_settlement_proxy,
detour_shrine_exploration_loop_step_6,detour,shrine_exploration_loop,6,forest_edge,-20000,55000,12000,6,crossroads|forest_edge|north_pass|orc_watch,ancient_shrine|crossroads|forest_edge|human_capital|north_pass|old_quarry|orc_watch|river_ford,ancient_shrine|human_capital|old_quarry|river_ford,orc_camp,crossroads|forest_edge|north_pass|orc_watch,route.ancient_shrine_old_quarry|route.crossroads_forest_edge|route.crossroads_human_capital|route.crossroads_old_quarry|route.crossroads_river_ford|route.forest_edge_north_pass|route.forest_edge_orc_watch|route.orc_watch_river_ford,route.crossroads_forest_edge|route.forest_edge_north_pass|route.forest_edge_orc_watch,crossroads|north_pass|orc_watch,north_pass,route.forest_edge_north_pass,move,,,,forest,resource_landscape,
detour_shrine_exploration_loop_step_7,detour,shrine_exploration_loop,7,north_pass,140000,115000,30000,7,forest_edge|north_pass|orc_camp,ancient_shrine|crossroads|forest_edge|human_capital|north_pass|old_quarry|orc_camp|orc_watch|river_ford,ancient_shrine|crossroads|human_capital|old_quarry|orc_watch|river_ford,,forest_edge|north_pass|orc_camp,route.ancient_shrine_old_quarry|route.crossroads_forest_edge|route.crossroads_human_capital|route.crossroads_old_quarry|route.crossroads_river_ford|route.forest_edge_north_pass|route.forest_edge_orc_watch|route.north_pass_orc_camp|route.orc_camp_orc_watch|route.orc_watch_river_ford,route.forest_edge_north_pass|route.north_pass_orc_camp,forest_edge|orc_camp,orc_camp,route.north_pass_orc_camp,battle_commit,approach.north_pass.orc_camp,north_west,orc.war_camp,mountain,chokepoint,battle_handoff.north_pass.orc_camp
