Name,ApproachId,SourceRegion,DestinationRegion,RouteType,Road,Chokepoint,ActionCost,LogisticsCost,EntryDirection,TransitionKind,SettlementId,Resource,BattleRecipe,BattleRecipeStatus,DynamicContextRequired,ApproachTags
approach_approach_ancient_shrine_old_quarry,approach.ancient_shrine.old_quarry,ancient_shrine,old_quarry,trail,false,false,1,8,east,resource_site,,ore,human.rolling_ridge,READY_FOR_UE,weather|time,biome.temperate|destination.resource.ore|elevation.high|entry.east|feature.resource|landform.ridge|route.trail
approach_approach_crossroads_forest_edge,approach.crossroads.forest_edge,crossroads,forest_edge,trail,false,false,1,8,west,resource_site,,wood,nature.grassland_edge,READY_FOR_UE,weather|time,biome.forest|destination.resource.wood|elevation.mid|entry.west|feature.grove|landform.woodland|route.trail
approach_approach_crossroads_human_capital,approach.crossroads.human_capital,crossroads,human_capital,road,true,false,1,6,east,settlement_approach,city.human_capital,,human.fortress_outskirts,READY_FOR_UE,weather|time,biome.temperate|destination.settlement|elevation.mid|entry.east|feature.capital|landform.fortified|route.road|route.road_network
approach_approach_crossroads_old_quarry,approach.crossroads.old_quarry,crossroads,old_quarry,road,true,false,1,6,south_west,resource_site,,ore,human.rolling_ridge,READY_FOR_UE,weather|time,biome.temperate|destination.resource.ore|elevation.high|entry.south_west|feature.resource|landform.ridge|route.road|route.road_network
approach_approach_crossroads_river_ford,approach.crossroads.river_ford,crossroads,river_ford,road,true,false,1,6,north_west,strategic_chokepoint,,,human.river_road,UE_CROP_REQUIRED,weather|time,biome.temperate|elevation.low|entry.north_west|feature.river_crossing|landform.valley|route.road|route.road_network
approach_approach_forest_edge_crossroads,approach.forest_edge.crossroads,forest_edge,crossroads,trail,false,false,1,8,east,field_encounter,,,human.grassland_crossroads,READY_FOR_UE,weather|time,biome.temperate|elevation.mid|entry.east|feature.crossroads|landform.rolling_plain|route.trail
approach_approach_forest_edge_north_pass,approach.forest_edge.north_pass,forest_edge,north_pass,trail,false,true,1,8,west,strategic_chokepoint,,,dwarf.mountain_pass,READY_FOR_UE,weather|time,biome.mountain|elevation.high|entry.west|feature.narrow_pass|landform.pass|route.chokepoint|route.trail
approach_approach_forest_edge_orc_watch,approach.forest_edge.orc_watch,forest_edge,orc_watch,trail,false,false,1,8,north_west,field_encounter,,,orc.badlands,READY_FOR_UE,weather|time,biome.badlands|elevation.mid|entry.north_west|feature.watch|landform.mesa|route.trail
approach_approach_human_capital_crossroads,approach.human_capital.crossroads,human_capital,crossroads,road,true,false,1,6,west,field_encounter,,,human.grassland_crossroads,READY_FOR_UE,weather|time,biome.temperate|elevation.mid|entry.west|feature.crossroads|landform.rolling_plain|route.road|route.road_network
approach_approach_north_pass_forest_edge,approach.north_pass.forest_edge,north_pass,forest_edge,trail,false,true,1,8,east,resource_site,,wood,nature.grassland_edge,READY_FOR_UE,weather|time,biome.forest|destination.resource.wood|elevation.mid|entry.east|feature.grove|landform.woodland|route.chokepoint|route.trail
approach_approach_north_pass_orc_camp,approach.north_pass.orc_camp,north_pass,orc_camp,pass,false,true,1,10,north_west,settlement_approach,city.orc_ruinhold,,orc.war_camp,UE_COMPOSITE,weather|time,biome.badlands|destination.settlement|elevation.mid|entry.north_west|feature.stronghold|landform.ruined_city_edge|route.chokepoint|route.pass
approach_approach_old_quarry_ancient_shrine,approach.old_quarry.ancient_shrine,old_quarry,ancient_shrine,trail,false,false,1,8,west,landmark,,,neutral.mountain_shrine,PAYLOAD_PENDING,weather|time,biome.mountain_forest|elevation.high|entry.west|feature.ancient_shrine|landform.shrine_terrace|route.trail
approach_approach_old_quarry_crossroads,approach.old_quarry.crossroads,old_quarry,crossroads,road,true,false,1,6,north_east,field_encounter,,,human.grassland_crossroads,READY_FOR_UE,weather|time,biome.temperate|elevation.mid|entry.north_east|feature.crossroads|landform.rolling_plain|route.road|route.road_network
approach_approach_orc_camp_north_pass,approach.orc_camp.north_pass,orc_camp,north_pass,pass,false,true,1,10,south_east,strategic_chokepoint,,,dwarf.mountain_pass,READY_FOR_UE,weather|time,biome.mountain|elevation.high|entry.south_east|feature.narrow_pass|landform.pass|route.chokepoint|route.pass
approach_approach_orc_camp_orc_watch,approach.orc_camp.orc_watch,orc_camp,orc_watch,road,true,false,1,6,east,field_encounter,,,orc.badlands,READY_FOR_UE,weather|time,biome.badlands|elevation.mid|entry.east|feature.watch|landform.mesa|route.road|route.road_network
approach_approach_orc_watch_forest_edge,approach.orc_watch.forest_edge,orc_watch,forest_edge,trail,false,false,1,8,south_east,resource_site,,wood,nature.grassland_edge,READY_FOR_UE,weather|time,biome.forest|destination.resource.wood|elevation.mid|entry.south_east|feature.grove|landform.woodland|route.trail
approach_approach_orc_watch_orc_camp,approach.orc_watch.orc_camp,orc_watch,orc_camp,road,true,false,1,6,west,settlement_approach,city.orc_ruinhold,,orc.war_camp,UE_COMPOSITE,weather|time,biome.badlands|destination.settlement|elevation.mid|entry.west|feature.stronghold|landform.ruined_city_edge|route.road|route.road_network
approach_approach_orc_watch_river_ford,approach.orc_watch.river_ford,orc_watch,river_ford,road,true,true,1,6,east,strategic_chokepoint,,,human.river_road,UE_CROP_REQUIRED,weather|time,biome.temperate|elevation.low|entry.east|feature.river_crossing|landform.valley|route.chokepoint|route.road|route.road_network
approach_approach_river_ford_crossroads,approach.river_ford.crossroads,river_ford,crossroads,road,true,false,1,6,south_east,field_encounter,,,human.grassland_crossroads,READY_FOR_UE,weather|time,biome.temperate|elevation.mid|entry.south_east|feature.crossroads|landform.rolling_plain|route.road|route.road_network
approach_approach_river_ford_orc_watch,approach.river_ford.orc_watch,river_ford,orc_watch,road,true,true,1,6,west,field_encounter,,,orc.badlands,READY_FOR_UE,weather|time,biome.badlands|elevation.mid|entry.west|feature.watch|landform.mesa|route.chokepoint|route.road|route.road_network
