RegionId,DisplayName,X,Y,Z,SelectionRadius,InitialOwner,InitialFogState,MacroRegion,Biome,Landform,Feature,ElevationBand,Resource,SurfaceIdentity,SurfaceStatus,SurfaceTerrainSources,SurfaceSettlementSources,AnchorType,AnchorLabel,AnchorSource,AnchorScaleClass,Interactive,InteractionScope,PersistentStateProjection,SettlementTier,SettlementStatus,SettlementId,SettlementVisitScope,SettlementServices,SettlementDonor,BattleRecipe,BattleRecipeStatus,BattleRecipeDonor,BattleLandmark,CandidateSiteIds,IncomingApproachIds,OutgoingApproachIds,IncomingHandoffIds,OutgoingHandoffIds
ancient_shrine,Ancient Shrine,20000,175000,30000,12000,,unexplored,heartland,mountain_forest,shrine_terrace,ancient_shrine,high,,"temperate roads, farms/grassland, river approaches, fortified capital",LOCAL_VERIFIED,LandscapePack413 Grassland_01/02|Elite Coastal Ruins river terrain,Medieval_Megapack PL_Fortress_Day,landmark,ancient shrine / altar,Ancient Mountain/Shrine,small,true,site_or_encounter,false,,,,,,,neutral.mountain_shrine,PAYLOAD_PENDING,Ancient Mountain/Shrine,ancient sanctuary,lost_shrine,approach.old_quarry.ancient_shrine,approach.ancient_shrine.old_quarry,battle_handoff.old_quarry.ancient_shrine,battle_handoff.ancient_shrine.old_quarry
crossroads,Crossroads,-180000,25000,12000,12000,humans,visible,heartland,temperate,rolling_plain,crossroads,mid,,"temperate roads, farms/grassland, river approaches, fortified capital",LOCAL_VERIFIED,LandscapePack413 Grassland_01/02|Elite Coastal Ruins river terrain,Medieval_Megapack PL_Fortress_Day,minor_settlement_proxy,market_town,Medieval Megapack market/civic cluster,medium,true,bounded_minor_site,false,minor,CANDIDATE_NONCANONICAL,,bounded_scene_or_proxy,market|rest|caravan,Medieval Megapack market/civic cluster,human.grassland_crossroads,READY_FOR_UE,LandscapePackTwo/Maps/Grassland_01.umap,roadside shrine/watch marker,,approach.forest_edge.crossroads|approach.human_capital.crossroads|approach.old_quarry.crossroads|approach.river_ford.crossroads,approach.crossroads.forest_edge|approach.crossroads.human_capital|approach.crossroads.old_quarry|approach.crossroads.river_ford,battle_handoff.forest_edge.crossroads|battle_handoff.human_capital.crossroads|battle_handoff.old_quarry.crossroads|battle_handoff.river_ford.crossroads,battle_handoff.crossroads.forest_edge|battle_handoff.crossroads.human_capital|battle_handoff.crossroads.old_quarry|battle_handoff.crossroads.river_ford
forest_edge,Forest Edge,-20000,55000,12000,12000,,unexplored,heartland,forest,woodland,grove,mid,wood,"temperate roads, farms/grassland, river approaches, fortified capital",LOCAL_VERIFIED,LandscapePack413 Grassland_01/02|Elite Coastal Ruins river terrain,Medieval_Megapack PL_Fortress_Day,resource_landscape,distinct treeline / woodland resource edge,LandscapePackTwo/Maps/Grassland_02.umap,small,true,site_or_encounter,false,,,,,,,nature.grassland_edge,READY_FOR_UE,LandscapePackTwo/Maps/Grassland_02.umap,stone circle / solitary great tree,,approach.crossroads.forest_edge|approach.north_pass.forest_edge|approach.orc_watch.forest_edge,approach.forest_edge.crossroads|approach.forest_edge.north_pass|approach.forest_edge.orc_watch,battle_handoff.crossroads.forest_edge|battle_handoff.north_pass.forest_edge|battle_handoff.orc_watch.forest_edge,battle_handoff.forest_edge.crossroads|battle_handoff.forest_edge.north_pass|battle_handoff.forest_edge.orc_watch
human_capital,Human Capital,-320000,25000,12000,18000,humans,visible,heartland,temperate,fortified,capital,mid,,"temperate roads, farms/grassland, river approaches, fortified capital",LOCAL_VERIFIED,LandscapePack413 Grassland_01/02|Elite Coastal Ruins river terrain,Medieval_Megapack PL_Fortress_Day,major_settlement_silhouette,Human Capital,Medieval_Megapack/Levels/PL_Fortress_Day.umap,major,true,enter_settlement,true,major,LOCKED_MAJOR_SEAT,city.human_capital,full_visit_scene,recruitment|hero_services|market|siege,city.human_capital,human.fortress_outskirts,READY_FOR_UE,Medieval_Megapack/Levels/PL_Fortress_Day.umap exterior zone,visible gatehouse,,approach.crossroads.human_capital,approach.human_capital.crossroads,battle_handoff.crossroads.human_capital,battle_handoff.human_capital.crossroads
north_pass,North Pass,140000,115000,30000,12000,,unexplored,eastern_badlands,mountain,pass,narrow_pass,high,,"mesa shelves, gullies, occupied ruins, broad War Elephant lanes",TERRAIN_LOCAL_CITY_PAYLOAD_PENDING,LandscapePack413 Mesa_01/02|Elite Coastal Ruins|Ravenhold ruined bridge pieces,Medieval Ruins|YI_BanditCamp support dressing,chokepoint,"rock needle, cairn or pass gate",LandscapePackOne/Maps/Mountain_01.umap,small,false,visual_navigation,false,,,,,,,dwarf.mountain_pass,READY_FOR_UE,LandscapePackOne/Maps/Mountain_01.umap,stone gateway/quarry cut,,approach.forest_edge.north_pass|approach.orc_camp.north_pass,approach.north_pass.forest_edge|approach.north_pass.orc_camp,battle_handoff.forest_edge.north_pass|battle_handoff.orc_camp.north_pass,battle_handoff.north_pass.forest_edge|battle_handoff.north_pass.orc_camp
old_quarry,Old Quarry,-110000,145000,30000,12000,,unexplored,heartland,temperate,ridge,resource,high,ore,"temperate roads, farms/grassland, river approaches, fortified capital",LOCAL_VERIFIED,LandscapePack413 Grassland_01/02|Elite Coastal Ruins river terrain,Medieval_Megapack PL_Fortress_Day,resource_infrastructure,"quarry cut, ore carts and exposed stone",LandscapePackTwo/Maps/Grassland_02.umap,small,true,site_or_encounter,false,,,,,,,human.rolling_ridge,READY_FOR_UE,LandscapePackTwo/Maps/Grassland_02.umap,wind-bent ridge tree or watchtower,,approach.ancient_shrine.old_quarry|approach.crossroads.old_quarry,approach.old_quarry.ancient_shrine|approach.old_quarry.crossroads,battle_handoff.ancient_shrine.old_quarry|battle_handoff.crossroads.old_quarry,battle_handoff.old_quarry.ancient_shrine|battle_handoff.old_quarry.crossroads
orc_camp,Orc Stronghold,280000,15000,12000,18000,orcs,unexplored,eastern_badlands,badlands,ruined_city_edge,stronghold,mid,,"mesa shelves, gullies, occupied ruins, broad War Elephant lanes",TERRAIN_LOCAL_CITY_PAYLOAD_PENDING,LandscapePack413 Mesa_01/02|Elite Coastal Ruins|Ravenhold ruined bridge pieces,Medieval Ruins|YI_BanditCamp support dressing,major_settlement_silhouette,Orc Stronghold,Medieval Ruins showcase to qualify,major,true,enter_settlement,true,major,LOCKED_MAJOR_SEAT,city.orc_ruinhold,full_visit_scene,recruitment|hero_services|market|siege,city.orc_ruinhold,orc.war_camp,UE_COMPOSITE,Elite_CoastalRuins/Maps/CoastalRuins_02.umap or Medieval Ruins + YI_BanditCamp tents,captured ruin with war banner,,approach.north_pass.orc_camp|approach.orc_watch.orc_camp,approach.orc_camp.north_pass|approach.orc_camp.orc_watch,battle_handoff.north_pass.orc_camp|battle_handoff.orc_watch.orc_camp,battle_handoff.orc_camp.north_pass|battle_handoff.orc_camp.orc_watch
orc_watch,Orc Watch,120000,-65000,12000,12000,orcs,unexplored,eastern_badlands,badlands,mesa,watch,mid,,"mesa shelves, gullies, occupied ruins, broad War Elephant lanes",TERRAIN_LOCAL_CITY_PAYLOAD_PENDING,LandscapePack413 Mesa_01/02|Elite Coastal Ruins|Ravenhold ruined bridge pieces,Medieval Ruins|YI_BanditCamp support dressing,terrain_landmark,mesa pillar,LandscapePackTwo/Maps/Mesa_01.umap,small,false,visual_navigation,false,,,,,,,orc.badlands,READY_FOR_UE,LandscapePackTwo/Maps/Mesa_01.umap,mesa pillar,,approach.forest_edge.orc_watch|approach.orc_camp.orc_watch|approach.river_ford.orc_watch,approach.orc_watch.forest_edge|approach.orc_watch.orc_camp|approach.orc_watch.river_ford,battle_handoff.forest_edge.orc_watch|battle_handoff.orc_camp.orc_watch|battle_handoff.river_ford.orc_watch,battle_handoff.orc_watch.forest_edge|battle_handoff.orc_watch.orc_camp|battle_handoff.orc_watch.river_ford
river_ford,River Ford,-80000,-85000,0,12000,,unexplored,heartland,temperate,valley,river_crossing,low,,"temperate roads, farms/grassland, river approaches, fortified capital",LOCAL_VERIFIED,LandscapePack413 Grassland_01/02|Elite Coastal Ruins river terrain,Medieval_Megapack PL_Fortress_Day,crossing,visible ford / crossing geometry,Elite_CoastalRuins/Maps/CoastalRuins_01.umap,small,false,visual_navigation,false,,,,,,,human.river_road,UE_CROP_REQUIRED,Elite_CoastalRuins/Maps/CoastalRuins_01.umap,stone crossing/ruined roadside structure,,approach.crossroads.river_ford|approach.orc_watch.river_ford,approach.river_ford.crossroads|approach.river_ford.orc_watch,battle_handoff.crossroads.river_ford|battle_handoff.orc_watch.river_ford,battle_handoff.river_ford.crossroads|battle_handoff.river_ford.orc_watch
