region_id,display_name,macro_region,owner,x,y,u,v,biome,landform,feature,elevation_band,settlement_id,resource,battle_recipe,anchor_type,anchor_label,scale_class,interactive,interaction_scope,founder_slice,candidate_site_ids
ancient_shrine,Ancient Shrine,heartland,,520,300,0.52,0.333333,mountain_forest,shrine_terrace,ancient_shrine,high,,,neutral.mountain_shrine,landmark,ancient shrine / altar,small,True,site_or_encounter,True,lost_shrine
coastal_ruins,Coastal Ruins,greenwood,,100,600,0.1,0.666667,coast,valley_hill,ruins,low,,,neutral.coastal_ruins,minor_settlement_proxy,ruined_settlement,medium,True,bounded_minor_site,False,
crossroads,Crossroads,heartland,humans,320,450,0.32,0.5,temperate,rolling_plain,crossroads,mid,,,human.grassland_crossroads,minor_settlement_proxy,market_town,medium,True,bounded_minor_site,True,
dark_ash_plain,Ash Plain,ashen_south,dark,730,840,0.73,0.933333,ash_waste,open_plain,dead_ground,mid,,,dark.ash_plain,terrain_landmark,black monolith / ruined altar,small,False,visual_navigation,False,
dark_castle_approach,Castle Approach,ashen_south,dark,840,760,0.84,0.844444,corrupted,fortress_approach,alien_castle,mid,,,dark.castle_approach,minor_settlement_proxy,ward_bastion,medium,True,bounded_minor_site,False,
dark_corrupted_valley,Corrupted Valley,ashen_south,dark,620,740,0.62,0.822222,corrupted_mountain,valley,mist,low,,,dark.corrupted_valley,terrain_landmark,ritual stone / dead tree,small,False,visual_navigation,False,
dark_fortress,Dark Fortress,ashen_south,dark,900,840,0.9,0.933333,corrupted,fortress,throne_sanctum,mid,city.dark_fortress,,dark.castle_approach,major_settlement_silhouette,Dark Fortress,major,True,enter_settlement,False,
dark_ruined_causeway,Ruined Causeway,ashen_south,dark,730,720,0.73,0.8,corrupted_ruins,causeway,ruined_bridge,mid,,,dark.ruined_causeway,chokepoint,ruined gatehouse/causeway,small,False,visual_navigation,False,
dwarf_forge_approach,Forge Approach,crownspine,dwarves,740,200,0.74,0.222222,mountain,industrial_approach,forge_gate,high,,,dwarf.forge_approach,minor_settlement_proxy,forge_outpost,medium,True,bounded_minor_site,False,
dwarf_high_quarry,High Quarry,crownspine,dwarves,640,130,0.64,0.144444,mountain,terraced_slope,quarry,high,,ore,dwarf.high_quarry,resource_infrastructure,terraced quarry face and ore handling,small,True,site_or_encounter,False,crystal_cave
dwarf_hold,Dwarf Hold,crownspine,dwarves,850,150,0.85,0.166667,mountain,fortified_hold,great_forge,high,city.dwarf_hold,,dwarf.forge_approach,major_settlement_silhouette,Dwarf Hold,major,True,enter_settlement,False,
dwarf_mountain_pass,Mountain Pass,crownspine,,620,260,0.62,0.288889,mountain,pass,switchback,high,,,dwarf.mountain_pass,chokepoint,stone gateway/quarry cut,small,False,visual_navigation,False,
dwarf_snow_basin,Snow Basin,crownspine,dwarves,760,90,0.76,0.1,snow_mountain,basin,bowl,mid,,,dwarf.snow_basin,terrain_landmark,frozen forge vent/standing stone,small,False,visual_navigation,False,
forest_edge,Forest Edge,heartland,,480,420,0.48,0.466667,forest,woodland,grove,mid,,wood,nature.grassland_edge,resource_landscape,distinct treeline / woodland resource edge,small,True,site_or_encounter,True,
human_capital,Human Capital,heartland,humans,180,450,0.18,0.5,temperate,fortified,capital,mid,city.human_capital,,human.fortress_outskirts,major_settlement_silhouette,Human Capital,major,True,enter_settlement,True,
mountain_shrine,Mountain Shrine,crownspine,,500,230,0.5,0.255556,mountain,terrace,shrine,high,,,neutral.mountain_shrine,landmark,mountain shrine / sanctuary,small,True,site_or_encounter,False,mystic_dungeon
nature_forest_clearing,Forest Clearing,greenwood,nature,280,750,0.28,0.833333,forest,clearing,dense_treeline,mid,,,nature.forest_clearing,minor_settlement_proxy,grove_village,medium,True,bounded_minor_site,False,
nature_grassland_edge,Grassland Edge,greenwood,,400,690,0.4,0.766667,meadow_edge,rolling_plain,forest_edge,mid,,,nature.grassland_edge,terrain_landmark,stone circle / solitary great tree,small,False,visual_navigation,False,
nature_river_woodland,River Woodland,greenwood,nature,330,840,0.33,0.933333,forest,river_valley,river,low,,,nature.river_woodland,terrain_landmark,wood/natural bridge,small,False,visual_navigation,False,
nature_shrine,Forest Shrine,greenwood,nature,260,640,0.26,0.711111,mountain_forest,shrine_terrace,ancient_shrine,high,,,nature.ancient_shrine,landmark,ancient shrine / altar,small,False,visual_navigation,False,
nature_treehold,Nature Treehold,greenwood,nature,150,800,0.15,0.888889,forest,treehold,great_tree,mid,city.nature_treehold,,nature.forest_clearing,major_settlement_silhouette,Nature Treehold,major,True,enter_settlement,False,
north_pass,North Pass,eastern_badlands,,640,360,0.64,0.4,mountain,pass,narrow_pass,high,,,dwarf.mountain_pass,chokepoint,"rock needle, cairn or pass gate",small,False,visual_navigation,True,
northwest_march,Northwest March,heartland,,215,315,0.215,0.35,temperate,rolling_plain,trade_road,mid,,,human.rolling_ridge,minor_settlement_proxy,trade_post,medium,True,bounded_minor_site,False,old_windmills
old_quarry,Old Quarry,heartland,,390,330,0.39,0.366667,temperate,ridge,resource,high,,ore,human.rolling_ridge,resource_infrastructure,"quarry cut, ore carts and exposed stone",small,True,site_or_encounter,True,
orc_badlands,Badlands,eastern_badlands,orcs,880,510,0.88,0.566667,badlands,mesa,dry_gully,mid,,,orc.badlands,terrain_landmark,mesa pillar / gully edge,small,False,visual_navigation,False,dragon_graveyard;red_canyon
orc_broken_bridge,Broken Bridge,eastern_badlands,,720,660,0.72,0.733333,ruined_valley,ravine,broken_bridge,mid,,,orc.broken_bridge,chokepoint,collapsed bridge silhouette,small,False,visual_navigation,False,
orc_camp,Orc Stronghold,eastern_badlands,orcs,780,460,0.78,0.511111,badlands,ruined_city_edge,stronghold,mid,city.orc_ruinhold,,orc.war_camp,major_settlement_silhouette,Orc Stronghold,major,True,enter_settlement,True,
orc_ruined_field,Ruined Field,eastern_badlands,orcs,740,600,0.74,0.666667,temperate_ruins,broken_city_edge,ruins,mid,,,orc.ruined_field,terrain_landmark,collapsed church/tower,small,False,visual_navigation,False,
orc_war_camp,War Camp,eastern_badlands,orcs,860,400,0.86,0.444444,ruined_lowland,open_ruin,camp,mid,,,orc.war_camp,minor_settlement_proxy,war_camp,medium,True,bounded_minor_site,False,medieval_fantasy_cave_camp
orc_watch,Orc Watch,eastern_badlands,orcs,620,540,0.62,0.6,badlands,mesa,watch,mid,,,orc.badlands,terrain_landmark,mesa pillar,small,False,visual_navigation,True,
river_ford,River Ford,heartland,,420,560,0.42,0.622222,temperate,valley,river_crossing,low,,,human.river_road,crossing,visible ford / crossing geometry,small,False,visual_navigation,True,
southern_crossing,Southern Crossing,greenwood,,520,700,0.52,0.777778,temperate,river_valley,road_crossing,low,,,neutral.open_grassland,crossing,road-and-river crossing marker,small,False,visual_navigation,False,arena_city_state
viking_fjord_ridge,Fjord Ridge,northern_fjords,vikings,250,100,0.25,0.111111,snow_coast,ridge,water_edge,high,,,viking.fjord_ridge,terrain_landmark,cliff overlook,small,False,visual_navigation,False,
viking_forest_track,Forest Track,northern_fjords,vikings,260,220,0.26,0.244444,boreal,wooded_track,village_edge,mid,,,viking.forest_track,minor_settlement_proxy,village,medium,True,bounded_minor_site,False,
viking_harbour,Viking Harbour,northern_fjords,vikings,120,140,0.12,0.155556,cold_coast,cliff_harbour,shore_bridge,low,city.viking_harbour,,viking.harbour_edge,major_settlement_silhouette,Viking Harbour,major,True,enter_settlement,False,
viking_snow_pass,Snow Pass,northern_fjords,,400,170,0.4,0.188889,snow,mountain_pass,narrow_pass,high,,,viking.snow_pass,chokepoint,"rock needle, cairn or pass gate",small,False,visual_navigation,False,
