RouteId,A,B,RouteClass,Road,Chokepoint,ActionCost,LogisticsCost,SplinePointsCmJson,SplineWidth,RenderFamily,Surface,NavigationCue,ChokepointCue,SelectionOverlay,AtoBApproachId,AtoBEntryDirection,AtoBTransitionKind,AtoBBattleRecipe,AtoBBattleRecipeStatus,AtoBBattleHandoffId,BtoAApproachId,BtoAEntryDirection,BtoATransitionKind,BtoABattleRecipe,BtoABattleRecipeStatus,BtoABattleHandoffId
route.ancient_shrine_old_quarry,old_quarry,ancient_shrine,trail,false,false,1,8,"[[-110000,145000,30000],[-42300,148300,30000],[20000,175000,30000]]",420,trail,narrow earth path,"worn ground, minimal signage",,brighten / edge-highlight existing surface only,approach.old_quarry.ancient_shrine,west,landmark,neutral.mountain_shrine,PAYLOAD_PENDING,battle_handoff.old_quarry.ancient_shrine,approach.ancient_shrine.old_quarry,east,resource_site,human.rolling_ridge,READY_FOR_UE,battle_handoff.ancient_shrine.old_quarry
route.crossroads_forest_edge,crossroads,forest_edge,trail,false,false,1,8,"[[-180000,25000,12000],[-97300,25600,12000],[-20000,55000,12000]]",420,trail,narrow earth path,"worn ground, minimal signage",,brighten / edge-highlight existing surface only,approach.crossroads.forest_edge,west,resource_site,nature.grassland_edge,READY_FOR_UE,battle_handoff.crossroads.forest_edge,approach.forest_edge.crossroads,east,field_encounter,human.grassland_crossroads,READY_FOR_UE,battle_handoff.forest_edge.crossroads
route.crossroads_human_capital,human_capital,crossroads,road,true,false,1,6,"[[-320000,25000,12000],[-250000,13000,12000],[-180000,25000,12000]]",850,road,packed earth / local stone,"ruts, verge, sparse waymarkers",,brighten / edge-highlight existing surface only,approach.human_capital.crossroads,west,field_encounter,human.grassland_crossroads,READY_FOR_UE,battle_handoff.human_capital.crossroads,approach.crossroads.human_capital,east,settlement_approach,human.fortress_outskirts,READY_FOR_UE,battle_handoff.crossroads.human_capital
route.crossroads_old_quarry,crossroads,old_quarry,road,true,false,1,6,"[[-180000,25000,12000],[-134634,78953,21000],[-110000,145000,30000]]",850,road,packed earth / local stone,"ruts, verge, sparse waymarkers",,brighten / edge-highlight existing surface only,approach.crossroads.old_quarry,south_west,resource_site,human.rolling_ridge,READY_FOR_UE,battle_handoff.crossroads.old_quarry,approach.old_quarry.crossroads,north_east,field_encounter,human.grassland_crossroads,READY_FOR_UE,battle_handoff.old_quarry.crossroads
route.crossroads_river_ford,crossroads,river_ford,road,true,false,1,6,"[[-180000,25000,12000],[-121120,-21927,6000],[-80000,-85000,0]]",850,road,packed earth / local stone,"ruts, verge, sparse waymarkers",,brighten / edge-highlight existing surface only,approach.crossroads.river_ford,north_west,strategic_chokepoint,human.river_road,UE_CROP_REQUIRED,battle_handoff.crossroads.river_ford,approach.river_ford.crossroads,south_east,field_encounter,human.grassland_crossroads,READY_FOR_UE,battle_handoff.river_ford.crossroads
route.forest_edge_north_pass,forest_edge,north_pass,trail,false,true,1,8,"[[-20000,55000,12000],[54600,99400,21000],[140000,115000,30000]]",420,trail,narrow earth path,"worn ground, minimal signage","worn ground, minimal signage",brighten / edge-highlight existing surface only,approach.forest_edge.north_pass,west,strategic_chokepoint,dwarf.mountain_pass,READY_FOR_UE,battle_handoff.forest_edge.north_pass,approach.north_pass.forest_edge,east,resource_site,nature.grassland_edge,READY_FOR_UE,battle_handoff.north_pass.forest_edge
route.forest_edge_orc_watch,forest_edge,orc_watch,trail,false,false,1,8,"[[-20000,55000,12000],[39200,-17600,12000],[120000,-65000,12000]]",420,trail,narrow earth path,"worn ground, minimal signage",,brighten / edge-highlight existing surface only,approach.forest_edge.orc_watch,north_west,field_encounter,orc.badlands,READY_FOR_UE,battle_handoff.forest_edge.orc_watch,approach.orc_watch.forest_edge,south_east,resource_site,nature.grassland_edge,READY_FOR_UE,battle_handoff.orc_watch.forest_edge
route.north_pass_orc_camp,north_pass,orc_camp,pass,false,true,1,10,"[[140000,115000,30000],[201000,52400,21000],[280000,15000,12000]]",420,mountain_pass,rock-cut mountain path,"rock walls, cairn or gate","rock walls, cairn or gate",brighten / edge-highlight existing surface only,approach.north_pass.orc_camp,north_west,settlement_approach,orc.war_camp,UE_COMPOSITE,battle_handoff.north_pass.orc_camp,approach.orc_camp.north_pass,south_east,strategic_chokepoint,dwarf.mountain_pass,READY_FOR_UE,battle_handoff.orc_camp.north_pass
route.orc_camp_orc_watch,orc_watch,orc_camp,road,true,false,1,6,"[[120000,-65000,12000],[205366,-35733,12000],[280000,15000,12000]]",850,road,packed earth / local stone,"ruts, verge, sparse waymarkers",,brighten / edge-highlight existing surface only,approach.orc_watch.orc_camp,west,settlement_approach,orc.war_camp,UE_COMPOSITE,battle_handoff.orc_watch.orc_camp,approach.orc_camp.orc_watch,east,field_encounter,orc.badlands,READY_FOR_UE,battle_handoff.orc_camp.orc_watch
route.orc_watch_river_ford,river_ford,orc_watch,road,true,true,1,6,"[[-80000,-85000,0],[21194,-86940,6000],[120000,-65000,12000]]",850,road,packed earth / local stone,"ruts, verge, sparse waymarkers","ruts, verge, sparse waymarkers",brighten / edge-highlight existing surface only,approach.river_ford.orc_watch,west,field_encounter,orc.badlands,READY_FOR_UE,battle_handoff.river_ford.orc_watch,approach.orc_watch.river_ford,east,strategic_chokepoint,human.river_road,UE_CROP_REQUIRED,battle_handoff.orc_watch.river_ford
