Name,RegionId,DisplayName,X,Y,Z,SelectionRadius,InitialOwner,InitialFogState,Biome,Landform,Feature,Resource,AnchorType,AnchorLabel,AnchorSource,AnchorScaleClass,BattleRecipe,BattleRecipeStatus,FidelityClass
region_human_capital,human_capital,Human Capital,-320000,25000,12000,18000,humans,visible,temperate,fortified,capital,,major_settlement_silhouette,Human Capital,Medieval_Megapack/Levels/PL_Fortress_Day.umap,major,human.fortress_outskirts,READY_FOR_UE,settlement_approach_transform
region_crossroads,crossroads,Crossroads,-180000,25000,12000,12000,humans,visible,temperate,rolling_plain,crossroads,,minor_settlement_proxy,market_town,Medieval Megapack market/civic cluster,medium,human.grassland_crossroads,READY_FOR_UE,exact_context
region_old_quarry,old_quarry,Old Quarry,-110000,145000,30000,12000,,unexplored,temperate,ridge,resource,ore,resource_infrastructure,"quarry cut, ore carts and exposed stone",LandscapePackTwo/Maps/Grassland_02.umap,small,human.rolling_ridge,READY_FOR_UE,context_transform_review
region_river_ford,river_ford,River Ford,-80000,-85000,0,12000,,unexplored,temperate,valley,river_crossing,,crossing,visible ford / crossing geometry,Elite_CoastalRuins/Maps/CoastalRuins_01.umap,small,human.river_road,UE_CROP_REQUIRED,context_transform_review
region_forest_edge,forest_edge,Forest Edge,-20000,55000,12000,12000,,unexplored,forest,woodland,grove,wood,resource_landscape,distinct treeline / woodland resource edge,LandscapePackTwo/Maps/Grassland_02.umap,small,nature.grassland_edge,READY_FOR_UE,context_transform_review
region_ancient_shrine,ancient_shrine,Ancient Shrine,20000,175000,30000,12000,,unexplored,mountain_forest,shrine_terrace,ancient_shrine,,landmark,ancient shrine / altar,Ancient Mountain/Shrine,small,neutral.mountain_shrine,PAYLOAD_PENDING,context_transform_review
region_orc_watch,orc_watch,Orc Watch,120000,-65000,12000,12000,orcs,unexplored,badlands,mesa,watch,,terrain_landmark,mesa pillar,LandscapePackTwo/Maps/Mesa_01.umap,small,orc.badlands,READY_FOR_UE,context_transform_review
region_north_pass,north_pass,North Pass,140000,115000,30000,12000,,unexplored,mountain,pass,narrow_pass,,chokepoint,"rock needle, cairn or pass gate",LandscapePackOne/Maps/Mountain_01.umap,small,dwarf.mountain_pass,READY_FOR_UE,context_transform_review
region_orc_camp,orc_camp,Orc Stronghold,280000,15000,12000,18000,orcs,unexplored,badlands,ruined_city_edge,stronghold,,major_settlement_silhouette,Orc Stronghold,Medieval Ruins showcase to qualify,major,orc.war_camp,UE_COMPOSITE,settlement_approach_transform
