Name,RegionId,MacroRegion,Biome,Landform,Feature,ElevationBand,SurfaceIdentity,SurfaceStatus,TerrainCandidates,SettlementCandidates,AnchorSource
surface_human_capital,human_capital,heartland,temperate,fortified,capital,mid,"temperate roads, farms/grassland, river approaches, fortified capital",LOCAL_VERIFIED,LandscapePack413 Grassland_01/02|Elite Coastal Ruins river terrain,Medieval_Megapack PL_Fortress_Day,Medieval_Megapack/Levels/PL_Fortress_Day.umap
surface_crossroads,crossroads,heartland,temperate,rolling_plain,crossroads,mid,"temperate roads, farms/grassland, river approaches, fortified capital",LOCAL_VERIFIED,LandscapePack413 Grassland_01/02|Elite Coastal Ruins river terrain,Medieval_Megapack PL_Fortress_Day,Medieval Megapack market/civic cluster
surface_old_quarry,old_quarry,heartland,temperate,ridge,resource,high,"temperate roads, farms/grassland, river approaches, fortified capital",LOCAL_VERIFIED,LandscapePack413 Grassland_01/02|Elite Coastal Ruins river terrain,Medieval_Megapack PL_Fortress_Day,LandscapePackTwo/Maps/Grassland_02.umap
surface_river_ford,river_ford,heartland,temperate,valley,river_crossing,low,"temperate roads, farms/grassland, river approaches, fortified capital",LOCAL_VERIFIED,LandscapePack413 Grassland_01/02|Elite Coastal Ruins river terrain,Medieval_Megapack PL_Fortress_Day,Elite_CoastalRuins/Maps/CoastalRuins_01.umap
surface_forest_edge,forest_edge,heartland,forest,woodland,grove,mid,"temperate roads, farms/grassland, river approaches, fortified capital",LOCAL_VERIFIED,LandscapePack413 Grassland_01/02|Elite Coastal Ruins river terrain,Medieval_Megapack PL_Fortress_Day,LandscapePackTwo/Maps/Grassland_02.umap
surface_ancient_shrine,ancient_shrine,heartland,mountain_forest,shrine_terrace,ancient_shrine,high,"temperate roads, farms/grassland, river approaches, fortified capital",LOCAL_VERIFIED,LandscapePack413 Grassland_01/02|Elite Coastal Ruins river terrain,Medieval_Megapack PL_Fortress_Day,Ancient Mountain/Shrine
surface_orc_watch,orc_watch,eastern_badlands,badlands,mesa,watch,mid,"mesa shelves, gullies, occupied ruins, broad War Elephant lanes",TERRAIN_LOCAL_CITY_PAYLOAD_PENDING,LandscapePack413 Mesa_01/02|Elite Coastal Ruins|Ravenhold ruined bridge pieces,Medieval Ruins|YI_BanditCamp support dressing,LandscapePackTwo/Maps/Mesa_01.umap
surface_north_pass,north_pass,eastern_badlands,mountain,pass,narrow_pass,high,"mesa shelves, gullies, occupied ruins, broad War Elephant lanes",TERRAIN_LOCAL_CITY_PAYLOAD_PENDING,LandscapePack413 Mesa_01/02|Elite Coastal Ruins|Ravenhold ruined bridge pieces,Medieval Ruins|YI_BanditCamp support dressing,LandscapePackOne/Maps/Mountain_01.umap
surface_orc_camp,orc_camp,eastern_badlands,badlands,ruined_city_edge,stronghold,mid,"mesa shelves, gullies, occupied ruins, broad War Elephant lanes",TERRAIN_LOCAL_CITY_PAYLOAD_PENDING,LandscapePack413 Mesa_01/02|Elite Coastal Ruins|Ravenhold ruined bridge pieces,Medieval Ruins|YI_BanditCamp support dressing,Medieval Ruins showcase to qualify
