category,item,symbol_or_file,exact_current_value,recommended_value,current_label,recommendation_label,rationale
treasury,player_starting_gold,SoulFounderPlaytestStateSubsystem.cpp:290,3000,2000,VERIFIED FROM CURRENT SNAPSHOT,DESIGN PROPOSAL,Lower opening cushion so the first-week build-time gate (section 4) is a real choice; 2000 still affords tavern+market+barracks in week 1
treasury,player_daily_income_base,SoulFounderPlaytestStateSubsystem.cpp:290,450,180,VERIFIED FROM CURRENT SNAPSHOT,DESIGN PROPOSAL,450/day causes 6.5x runaway by Day30 (conservative model). 180 base keeps gold a soft constraint while owned sites+buildings supply the rest; aligns with lab base_income intent (18 lab-gold -> runtime-scaled)
treasury,player_income_per_owned_region,n/a,0 (flat base only),30,VERIFIED FROM CURRENT SNAPSHOT,DESIGN PROPOSAL,Make income scale WITH territory (sub-linear) instead of a flat lump; ties economy to expansion and gives captured sites lasting value
treasury,income_territory_scaling,n/a,none,sqrt_or_capped_linear,VERIFIED FROM CURRENT SNAPSHOT,DESIGN PROPOSAL,Sub-linear (e.g. +30/region but soft-capped) prevents late-game runaway while rewarding early expansion
ai_economy,ai_faction_daily_income,SoulSixFactionCampaign.cpp,0,180,VERIFIED FROM CURRENT SNAPSHOT,DESIGN PROPOSAL,HIGHEST VALUE: AI currently has zero income and is economically inert. Give it the same base income the player gets so it can replace losses
ai_economy,ai_recruitment_pools,SoulSixFactionCampaign.cpp,0 pools,per-faction knight-equivalent pool,VERIFIED FROM CURRENT SNAPSHOT,DESIGN PROPOSAL,AI must own at least one recruitment pool (avail/growth/cap mirroring the player's 8/+4/24) or it can never rebuild an army
ai_economy,ai_starting_gold,SoulSixFactionCampaign.cpp:75,3000,2000,VERIFIED FROM CURRENT SNAPSHOT,DESIGN PROPOSAL,Match whatever player start becomes; the frozen lump is only useful if AI can also spend it (pools + a spend policy)
recruitment,human_knight_cost,SoulFounderPlaytestStateSubsystem.cpp:292,140,140,VERIFIED FROM CURRENT SNAPSHOT,DESIGN PROPOSAL,Keep unit cost; the problem is income abundance, not unit price. Leave 140 as the balance anchor
recruitment,human_archer_cost,SoulFounderPlaytestStateSubsystem.cpp:307,180,180,VERIFIED FROM CURRENT SNAPSHOT,DESIGN PROPOSAL,Unchanged
recruitment,human_guard_cost,SoulFounderPlaytestStateSubsystem.cpp:307,220,220,VERIFIED FROM CURRENT SNAPSHOT,DESIGN PROPOSAL,Unchanged
recruitment,knight_weekly_growth,SoulFounderPlaytestStateSubsystem.cpp:291,4,4,VERIFIED FROM CURRENT SNAPSHOT,DESIGN PROPOSAL,Pool growth is the real army pacer; keep it. Do NOT raise it to compensate for cheaper economy
recruitment,knight_pool_capacity,SoulFounderPlaytestStateSubsystem.cpp:291,24,24,VERIFIED FROM CURRENT SNAPSHOT,DESIGN PROPOSAL,Keep as the primary scarcity brake
building,human.tavern_cost,HeartlandDevelopment.json,200,200,VERIFIED FROM CURRENT SNAPSHOT,DESIGN PROPOSAL,Costs are fine relative to a LOWER income; do not change building prices, change income
building,human.market_cost,HeartlandDevelopment.json,400,400,VERIFIED FROM CURRENT SNAPSHOT,DESIGN PROPOSAL,Unchanged
building,human.barracks_cost,HeartlandDevelopment.json,500,500,VERIFIED FROM CURRENT SNAPSHOT,DESIGN PROPOSAL,Unchanged
building,building_upkeep_per_day,n/a,0,5_per_building,VERIFIED FROM CURRENT SNAPSHOT,DESIGN PROPOSAL,Small per-building upkeep gives operating cost that scales with development and makes over-building a real decision
building,repair_cost_fraction,balance_lab_tuning_ranges.json,0.0 (free),0.40,VERIFIED FROM CURRENT SNAPSHOT,DESIGN PROPOSAL,Lab range 0.25-0.60; adopt ~0.40 of replacement value so damaged settlements cost gold to restore (currently free)
building,repair_days,balance_lab_tuning_ranges.json,0,3-5,VERIFIED FROM CURRENT SNAPSHOT,DESIGN PROPOSAL,Lab range 3-7; adopt lower bound so repair is time-gated too
building,simultaneous_construction_slots,balance_lab_tuning_ranges.json,unbounded,2,VERIFIED FROM CURRENT SNAPSHOT,DESIGN PROPOSAL,Lab range 1-2; cap concurrent major builds at 2 to keep the 1/2/3-day distinction meaningful as territory grows
site,windmill_gold_per_use,HeartlandDevelopment.json,100,60,VERIFIED FROM CURRENT SNAPSHOT,DESIGN PROPOSAL,At lower base income a 60-gold site is still worth an AP but no longer trivializes the treasury
site,quarry_gold_per_use,HeartlandDevelopment.json,140,90,VERIFIED FROM CURRENT SNAPSHOT,DESIGN PROPOSAL,Keep quarry > windmill; 90 preserves the choice between sites without runaway
site,daily_site_claim_cap,n/a,per-AP only (up to 3/day),1_gold_site_per_day,VERIFIED FROM CURRENT SNAPSHOT,DESIGN PROPOSAL,Cap gold-site claims to one/day (or diminishing returns) so sites are a steady supplement, not a gold firehose
site,market_l2_daily_bonus,SoulFounderPlaytestStateSubsystem.cpp:650,100,60,VERIFIED FROM CURRENT SNAPSHOT,DESIGN PROPOSAL,Scale down with the lower base income so the market stays a meaningful multiplier not a doubling
income_event,quest_capture_reward,SoulFounderPlaytestStateSubsystem.cpp:504,250,150,VERIFIED FROM CURRENT SNAPSHOT,DESIGN PROPOSAL,Keep a reward (good pacing) but smaller relative to the leaner economy; still one-time per region
income_event,siege_capture_reward,SoulFounderPlaytestStateSubsystem.cpp:617,600,350,VERIFIED FROM CURRENT SNAPSHOT,DESIGN PROPOSAL,Reduce so a capture funds ~2 units not a whole company; keeps war rewarding without snowball
hero,tavern_hero_hire_cost,SoulFounderPlaytestStateSubsystem.cpp:670,1200,1200,VERIFIED FROM CURRENT SNAPSHOT,DESIGN PROPOSAL,Under leaner income 1200 becomes a genuine multi-day investment; keep it
army,army_upkeep_per_unit_per_day,SoulLogistics.h,0,2,VERIFIED FROM CURRENT SNAPSHOT,DESIGN PROPOSAL,A tiny per-unit gold upkeep (2/day) makes standing armies cost something and gives war a running drain; tune so a 24-unit army costs ~48/day vs 180 base income
siege,siege_attempt_cost,n/a,0,one-time 150 + supply,VERIFIED FROM CURRENT SNAPSHOT,DESIGN PROPOSAL,Add a siege preparation gold cost so failed sieges hurt; pair with lab siege_attacker_supply_cost 30-80/day
siege,siege_attacker_supply_cost,balance_lab_tuning_ranges.json,0,50,VERIFIED FROM CURRENT SNAPSHOT,DESIGN PROPOSAL,Lab range 30-80 permille/day; adopt 50 so besieging drains the attacker too (owned by Lane 7 for mechanics; economy knob noted here)
replacement,defeated_army_replacement_delay_days,balance_lab_tuning_ranges.json,undefined,3,VERIFIED FROM CURRENT SNAPSHOT,DESIGN PROPOSAL,Lab range 2-4; a 3-day delay before a wiped army can re-field is a key anti-snowball control
diplomacy,gift_gold_cost,SoulDiplomacy.cpp,0,data-driven (>=100),VERIFIED FROM CURRENT SNAPSHOT,DESIGN PROPOSAL,Gifts currently cost nothing; a gold-backed gift is owned by Lane 4 but the economy must expose a cost hook (noted for coordination)
